{
  "buffers": [
    {
      "alignment": 4,
      "batch": 0,
      "channel_first": false,
      "channel_last": true,
      "epochs": {
        "end": 6,
        "start": 3
      },
      "flags": "STAI_FLAG_PREALLOCATED|STAI_FLAG_ACTIVATIONS",
      "format": "STAI_FORMAT_FLOAT",
      "id": 164,
      "intq": {},
      "is_param": false,
      "mpool_id": 0,
      "name": "activation_12_output_array",
      "nbits": 32,
      "offset_start": 131072,
      "qmn": {},
      "shape": [
        32,
        32,
        3
      ],
      "shape_map": [
        "H",
        "W",
        "CH"
      ],
      "size_bytes": 12288
    },
    {
      "alignment": 4,
      "batch": 0,
      "channel_first": false,
      "channel_last": true,
      "epochs": {
        "end": 14,
        "start": 11
      },
      "flags": "STAI_FLAG_PREALLOCATED|STAI_FLAG_ACTIVATIONS",
      "format": "STAI_FORMAT_FLOAT",
      "id": 170,
      "intq": {},
      "is_param": false,
      "mpool_id": 0,
      "name": "activation_13_output_array",
      "nbits": 32,
      "offset_start": 0,
      "qmn": {},
      "shape": [
        32,
        32,
        32
      ],
      "shape_map": [
        "H",
        "W",
        "CH"
      ],
      "size_bytes": 131072
    },
    {
      "alignment": 4,
      "batch": 0,
      "channel_first": false,
      "channel_last": true,
      "epochs": {
        "end": 24,
        "start": 21
      },
      "flags": "STAI_FLAG_PREALLOCATED|STAI_FLAG_ACTIVATIONS",
      "format": "STAI_FORMAT_FLOAT",
      "id": 178,
      "intq": {},
      "is_param": false,
      "mpool_id": 0,
      "name": "activation_14_output_array",
      "nbits": 32,
      "offset_start": 33920,
      "qmn": {},
      "shape": [
        16,
        16,
        64
      ],
      "shape_map": [
        "H",
        "W",
        "CH"
      ],
      "size_bytes": 65536
    },
    {
      "alignment": 4,
      "batch": 0,
      "channel_first": false,
      "channel_last": true,
      "epochs": {
        "end": 32,
        "start": 29
      },
      "flags": "STAI_FLAG_PREALLOCATED|STAI_FLAG_ACTIVATIONS",
      "format": "STAI_FORMAT_FLOAT",
      "id": 184,
      "intq": {},
      "is_param": false,
      "mpool_id": 0,
      "name": "activation_15_output_array",
      "nbits": 32,
      "offset_start": 24960,
      "qmn": {},
      "shape": [
        16,
        16,
        64
      ],
      "shape_map": [
        "H",
        "W",
        "CH"
      ],
      "size_bytes": 65536
    },
    {
      "alignment": 4,
      "batch": 0,
      "channel_first": true,
      "channel_last": true,
      "epochs": {
        "end": 1,
        "start": 0
      },
      "flags": "STAI_FLAG_WEIGHTS|STAI_FLAG_CONST|STAI_FLAG_PREALLOCATED",
      "format": "STAI_FORMAT_FLOAT",
      "id": 201,
      "intq": {},
      "is_param": true,
      "mpool_id": 1,
      "name": "batch_normalization_12_bias_array",
      "nbits": 32,
      "offset_start": 12,
      "qmn": {},
      "shape": [
        3
      ],
      "shape_map": [
        "CH"
      ],
      "size_bytes": 12
    },
    {
      "alignment": 4,
      "batch": 0,
      "channel_first": false,
      "channel_last": true,
      "epochs": {
        "end": 9,
        "start": 5
      },
      "flags": "STAI_FLAG_PREALLOCATED|STAI_FLAG_ACTIVATIONS",
      "format": "STAI_FORMAT_FLOAT",
      "id": 166,
      "intq": {},
      "is_param": false,
      "mpool_id": 0,
      "name": "batch_normalization_12_output_array",
      "nbits": 32,
      "offset_start": 131072,
      "qmn": {},
      "shape": [
        32,
        32,
        3
      ],
      "shape_map": [
        "H",
        "W",
        "CH"
      ],
      "size_bytes": 12288
    },
    {
      "alignment": 4,
      "batch": 0,
      "channel_first": true,
      "channel_last": true,
      "epochs": {
        "end": 1,
        "start": 0
      },
      "flags": "STAI_FLAG_WEIGHTS|STAI_FLAG_CONST|STAI_FLAG_PREALLOCATED",
      "format": "STAI_FORMAT_FLOAT",
      "id": 198,
      "intq": {},
      "is_param": true,
      "mpool_id": 1,
      "name": "batch_normalization_12_scale_array",
      "nbits": 32,
      "offset_start": 0,
      "qmn": {},
      "shape": [
        3
      ],
      "shape_map": [
        "CH"
      ],
      "size_bytes": 12
    },
    {
      "alignment": 4,
      "batch": 0,
      "channel_first": true,
      "channel_last": true,
      "epochs": {
        "end": 1,
        "start": 0
      },
      "flags": "STAI_FLAG_WEIGHTS|STAI_FLAG_CONST|STAI_FLAG_PREALLOCATED",
      "format": "STAI_FORMAT_FLOAT",
      "id": 213,
      "intq": {},
      "is_param": true,
      "mpool_id": 1,
      "name": "batch_normalization_13_bias_array",
      "nbits": 32,
      "offset_start": 3736,
      "qmn": {},
      "shape": [
        32
      ],
      "shape_map": [
        "CH"
      ],
      "size_bytes": 128
    },
    {
      "alignment": 4,
      "batch": 0,
      "channel_first": false,
      "channel_last": true,
      "epochs": {
        "end": 16,
        "start": 13
      },
      "flags": "STAI_FLAG_PREALLOCATED|STAI_FLAG_ACTIVATIONS",
      "format": "STAI_FORMAT_FLOAT",
      "id": 172,
      "intq": {},
      "is_param": false,
      "mpool_id": 0,
      "name": "batch_normalization_13_output_array",
      "nbits": 32,
      "offset_start": 0,
      "qmn": {},
      "shape": [
        32,
        32,
        32
      ],
      "shape_map": [
        "H",
        "W",
        "CH"
      ],
      "size_bytes": 131072
    },
    {
      "alignment": 4,
      "batch": 0,
      "channel_first": true,
      "channel_last": true,
      "epochs": {
        "end": 1,
        "start": 0
      },
      "flags": "STAI_FLAG_WEIGHTS|STAI_FLAG_CONST|STAI_FLAG_PREALLOCATED",
      "format": "STAI_FORMAT_FLOAT",
      "id": 210,
      "intq": {},
      "is_param": true,
      "mpool_id": 1,
      "name": "batch_normalization_13_scale_array",
      "nbits": 32,
      "offset_start": 3608,
      "qmn": {},
      "shape": [
        32
      ],
      "shape_map": [
        "CH"
      ],
      "size_bytes": 128
    },
    {
      "alignment": 4,
      "batch": 0,
      "channel_first": true,
      "channel_last": true,
      "epochs": {
        "end": 1,
        "start": 0
      },
      "flags": "STAI_FLAG_WEIGHTS|STAI_FLAG_CONST|STAI_FLAG_PREALLOCATED",
      "format": "STAI_FORMAT_FLOAT",
      "id": 225,
      "intq": {},
      "is_param": true,
      "mpool_id": 1,
      "name": "batch_normalization_14_bias_array",
      "nbits": 32,
      "offset_start": 78104,
      "qmn": {},
      "shape": [
        64
      ],
      "shape_map": [
        "CH"
      ],
      "size_bytes": 256
    },
    {
      "alignment": 4,
      "batch": 0,
      "channel_first": false,
      "channel_last": true,
      "epochs": {
        "end": 27,
        "start": 23
      },
      "flags": "STAI_FLAG_PREALLOCATED|STAI_FLAG_ACTIVATIONS",
      "format": "STAI_FORMAT_FLOAT",
      "id": 180,
      "intq": {},
      "is_param": false,
      "mpool_id": 0,
      "name": "batch_normalization_14_output_array",
      "nbits": 32,
      "offset_start": 33920,
      "qmn": {},
      "shape": [
        16,
        16,
        64
      ],
      "shape_map": [
        "H",
        "W",
        "CH"
      ],
      "size_bytes": 65536
    },
    {
      "alignment": 4,
      "batch": 0,
      "channel_first": true,
      "channel_last": true,
      "epochs": {
        "end": 1,
        "start": 0
      },
      "flags": "STAI_FLAG_WEIGHTS|STAI_FLAG_CONST|STAI_FLAG_PREALLOCATED",
      "format": "STAI_FORMAT_FLOAT",
      "id": 222,
      "intq": {},
      "is_param": true,
      "mpool_id": 1,
      "name": "batch_normalization_14_scale_array",
      "nbits": 32,
      "offset_start": 77848,
      "qmn": {},
      "shape": [
        64
      ],
      "shape_map": [
        "CH"
      ],
      "size_bytes": 256
    },
    {
      "alignment": 4,
      "batch": 0,
      "channel_first": true,
      "channel_last": true,
      "epochs": {
        "end": 1,
        "start": 0
      },
      "flags": "STAI_FLAG_WEIGHTS|STAI_FLAG_CONST|STAI_FLAG_PREALLOCATED",
      "format": "STAI_FORMAT_FLOAT",
      "id": 237,
      "intq": {},
      "is_param": true,
      "mpool_id": 1,
      "name": "batch_normalization_15_bias_array",
      "nbits": 32,
      "offset_start": 226328,
      "qmn": {},
      "shape": [
        64
      ],
      "shape_map": [
        "CH"
      ],
      "size_bytes": 256
    },
    {
      "alignment": 4,
      "batch": 0,
      "channel_first": false,
      "channel_last": true,
      "epochs": {
        "end": 34,
        "start": 31
      },
      "flags": "STAI_FLAG_PREALLOCATED|STAI_FLAG_ACTIVATIONS",
      "format": "STAI_FORMAT_FLOAT",
      "id": 186,
      "intq": {},
      "is_param": false,
      "mpool_id": 0,
      "name": "batch_normalization_15_output_array",
      "nbits": 32,
      "offset_start": 24960,
      "qmn": {},
      "shape": [
        16,
        16,
        64
      ],
      "shape_map": [
        "H",
        "W",
        "CH"
      ],
      "size_bytes": 65536
    },
    {
      "alignment": 4,
      "batch": 0,
      "channel_first": true,
      "channel_last": true,
      "epochs": {
        "end": 1,
        "start": 0
      },
      "flags": "STAI_FLAG_WEIGHTS|STAI_FLAG_CONST|STAI_FLAG_PREALLOCATED",
      "format": "STAI_FORMAT_FLOAT",
      "id": 234,
      "intq": {},
      "is_param": true,
      "mpool_id": 1,
      "name": "batch_normalization_15_scale_array",
      "nbits": 32,
      "offset_start": 226072,
      "qmn": {},
      "shape": [
        64
      ],
      "shape_map": [
        "CH"
      ],
      "size_bytes": 256
    },
    {
      "alignment": 4,
      "batch": 0,
      "channel_first": true,
      "channel_last": true,
      "epochs": {
        "end": 1,
        "start": 0
      },
      "flags": "STAI_FLAG_WEIGHTS|STAI_FLAG_CONST|STAI_FLAG_PREALLOCATED",
      "format": "STAI_FORMAT_FLOAT",
      "id": 219,
      "intq": {},
      "is_param": true,
      "mpool_id": 1,
      "name": "conv2d_10_bias_array",
      "nbits": 32,
      "offset_start": 77592,
      "qmn": {},
      "shape": [
        64
      ],
      "shape_map": [
        "CH"
      ],
      "size_bytes": 256
    },
    {
      "alignment": 4,
      "batch": 0,
      "channel_first": false,
      "channel_last": true,
      "epochs": {
        "end": 22,
        "start": 18
      },
      "flags": "STAI_FLAG_PREALLOCATED|STAI_FLAG_ACTIVATIONS",
      "format": "STAI_FORMAT_FLOAT",
      "id": 176,
      "intq": {},
      "is_param": false,
      "mpool_id": 0,
      "name": "conv2d_10_output_array",
      "nbits": 32,
      "offset_start": 33920,
      "qmn": {},
      "shape": [
        16,
        16,
        64
      ],
      "shape_map": [
        "H",
        "W",
        "CH"
      ],
      "size_bytes": 65536
    },
    {
      "alignment": 4,
      "batch": 0,
      "channel_first": false,
      "channel_last": true,
      "epochs": {
        "end": 20,
        "start": 17
      },
      "flags": "STAI_FLAG_PREALLOCATED|STAI_FLAG_ACTIVATIONS|STAI_FLAG_SCRATCHS",
      "format": "STAI_FORMAT_FLOAT",
      "id": 264,
      "intq": {},
      "is_param": false,
      "mpool_id": 0,
      "name": "conv2d_10_scratch0_array",
      "nbits": 32,
      "offset_start": 32768,
      "qmn": {},
      "shape": [
        3,
        3,
        32,
        1
      ],
      "shape_map": [
        "H",
        "W",
        "CH",
        "CH_IN"
      ],
      "size_bytes": 1152
    },
    {
      "alignment": 4,
      "batch": 0,
      "channel_first": true,
      "channel_last": false,
      "epochs": {
        "end": 1,
        "start": 0
      },
      "flags": "STAI_FLAG_WEIGHTS|STAI_FLAG_CONST|STAI_FLAG_PREALLOCATED",
      "format": "STAI_FORMAT_FLOAT",
      "id": 216,
      "intq": {},
      "is_param": true,
      "mpool_id": 1,
      "name": "conv2d_10_weights_array",
      "nbits": 32,
      "offset_start": 3864,
      "qmn": {},
      "shape": [
        64,
        3,
        3,
        32
      ],
      "shape_map": [
        "CH",
        "H",
        "W",
        "CH_IN"
      ],
      "size_bytes": 73728
    },
    {
      "alignment": 4,
      "batch": 0,
      "channel_first": true,
      "channel_last": true,
      "epochs": {
        "end": 1,
        "start": 0
      },
      "flags": "STAI_FLAG_WEIGHTS|STAI_FLAG_CONST|STAI_FLAG_PREALLOCATED",
      "format": "STAI_FORMAT_FLOAT",
      "id": 231,
      "intq": {},
      "is_param": true,
      "mpool_id": 1,
      "name": "conv2d_11_bias_array",
      "nbits": 32,
      "offset_start": 225816,
      "qmn": {},
      "shape": [
        64
      ],
      "shape_map": [
        "CH"
      ],
      "size_bytes": 256
    },
    {
      "alignment": 4,
      "batch": 0,
      "channel_first": false,
      "channel_last": true,
      "epochs": {
        "end": 30,
        "start": 26
      },
      "flags": "STAI_FLAG_PREALLOCATED|STAI_FLAG_ACTIVATIONS",
      "format": "STAI_FORMAT_FLOAT",
      "id": 182,
      "intq": {},
      "is_param": false,
      "mpool_id": 0,
      "name": "conv2d_11_output_array",
      "nbits": 32,
      "offset_start": 24960,
      "qmn": {},
      "shape": [
        16,
        16,
        64
      ],
      "shape_map": [
        "H",
        "W",
        "CH"
      ],
      "size_bytes": 65536
    },
    {
      "alignment": 4,
      "batch": 0,
      "channel_first": false,
      "channel_last": true,
      "epochs": {
        "end": 28,
        "start": 25
      },
      "flags": "STAI_FLAG_PREALLOCATED|STAI_FLAG_ACTIVATIONS|STAI_FLAG_SCRATCHS",
      "format": "STAI_FORMAT_FLOAT",
      "id": 271,
      "intq": {},
      "is_param": false,
      "mpool_id": 0,
      "name": "conv2d_11_scratch0_array",
      "nbits": 32,
      "offset_start": 0,
      "qmn": {},
      "shape": [
        3,
        3,
        64,
        1
      ],
      "shape_map": [
        "H",
        "W",
        "CH",
        "CH_IN"
      ],
      "size_bytes": 2304
    },
    {
      "alignment": 4,
      "batch": 0,
      "channel_first": true,
      "channel_last": false,
      "epochs": {
        "end": 1,
        "start": 0
      },
      "flags": "STAI_FLAG_WEIGHTS|STAI_FLAG_CONST|STAI_FLAG_PREALLOCATED",
      "format": "STAI_FORMAT_FLOAT",
      "id": 228,
      "intq": {},
      "is_param": true,
      "mpool_id": 1,
      "name": "conv2d_11_weights_array",
      "nbits": 32,
      "offset_start": 78360,
      "qmn": {},
      "shape": [
        64,
        3,
        3,
        64
      ],
      "shape_map": [
        "CH",
        "H",
        "W",
        "CH_IN"
      ],
      "size_bytes": 147456
    },
    {
      "alignment": 4,
      "batch": 0,
      "channel_first": true,
      "channel_last": true,
      "epochs": {
        "end": 1,
        "start": 0
      },
      "flags": "STAI_FLAG_WEIGHTS|STAI_FLAG_CONST|STAI_FLAG_PREALLOCATED",
      "format": "STAI_FORMAT_FLOAT",
      "id": 207,
      "intq": {},
      "is_param": true,
      "mpool_id": 1,
      "name": "conv2d_9_bias_array",
      "nbits": 32,
      "offset_start": 3480,
      "qmn": {},
      "shape": [
        32
      ],
      "shape_map": [
        "CH"
      ],
      "size_bytes": 128
    },
    {
      "alignment": 4,
      "batch": 0,
      "channel_first": false,
      "channel_last": true,
      "epochs": {
        "end": 12,
        "start": 8
      },
      "flags": "STAI_FLAG_PREALLOCATED|STAI_FLAG_ACTIVATIONS",
      "format": "STAI_FORMAT_FLOAT",
      "id": 168,
      "intq": {},
      "is_param": false,
      "mpool_id": 0,
      "name": "conv2d_9_output_array",
      "nbits": 32,
      "offset_start": 0,
      "qmn": {},
      "shape": [
        32,
        32,
        32
      ],
      "shape_map": [
        "H",
        "W",
        "CH"
      ],
      "size_bytes": 131072
    },
    {
      "alignment": 4,
      "batch": 0,
      "channel_first": false,
      "channel_last": true,
      "epochs": {
        "end": 10,
        "start": 7
      },
      "flags": "STAI_FLAG_PREALLOCATED|STAI_FLAG_ACTIVATIONS|STAI_FLAG_SCRATCHS",
      "format": "STAI_FORMAT_FLOAT",
      "id": 257,
      "intq": {},
      "is_param": false,
      "mpool_id": 0,
      "name": "conv2d_9_scratch0_array",
      "nbits": 32,
      "offset_start": 143360,
      "qmn": {},
      "shape": [
        3,
        3,
        3,
        1
      ],
      "shape_map": [
        "H",
        "W",
        "CH",
        "CH_IN"
      ],
      "size_bytes": 108
    },
    {
      "alignment": 4,
      "batch": 0,
      "channel_first": true,
      "channel_last": false,
      "epochs": {
        "end": 1,
        "start": 0
      },
      "flags": "STAI_FLAG_WEIGHTS|STAI_FLAG_CONST|STAI_FLAG_PREALLOCATED",
      "format": "STAI_FORMAT_FLOAT",
      "id": 204,
      "intq": {},
      "is_param": true,
      "mpool_id": 1,
      "name": "conv2d_9_weights_array",
      "nbits": 32,
      "offset_start": 24,
      "qmn": {},
      "shape": [
        32,
        3,
        3,
        3
      ],
      "shape_map": [
        "CH",
        "H",
        "W",
        "CH_IN"
      ],
      "size_bytes": 3456
    },
    {
      "alignment": 4,
      "batch": 0,
      "channel_first": true,
      "channel_last": true,
      "epochs": {
        "end": 1,
        "start": 0
      },
      "flags": "STAI_FLAG_WEIGHTS|STAI_FLAG_CONST|STAI_FLAG_PREALLOCATED",
      "format": "STAI_FORMAT_FLOAT",
      "id": 244,
      "intq": {},
      "is_param": true,
      "mpool_id": 1,
      "name": "dense_3_dense_bias_array",
      "nbits": 32,
      "offset_start": 2323800,
      "qmn": {},
      "shape": [
        1024
      ],
      "shape_map": [
        "CH"
      ],
      "size_bytes": 4096
    },
    {
      "alignment": 4,
      "batch": 0,
      "channel_first": true,
      "channel_last": true,
      "epochs": {
        "end": 38,
        "start": 35
      },
      "flags": "STAI_FLAG_PREALLOCATED|STAI_FLAG_ACTIVATIONS",
      "format": "STAI_FORMAT_FLOAT",
      "id": 190,
      "intq": {},
      "is_param": false,
      "mpool_id": 0,
      "name": "dense_3_dense_output_array",
      "nbits": 32,
      "offset_start": 16384,
      "qmn": {},
      "shape": [
        1024
      ],
      "shape_map": [
        "CH"
      ],
      "size_bytes": 4096
    },
    {
      "alignment": 4,
      "batch": 0,
      "channel_first": true,
      "channel_last": true,
      "epochs": {
        "end": 1,
        "start": 0
      },
      "flags": "STAI_FLAG_WEIGHTS|STAI_FLAG_CONST|STAI_FLAG_PREALLOCATED",
      "format": "STAI_FORMAT_LUT4_FLOAT",
      "id": 241,
      "intq": {},
      "is_param": true,
      "mpool_id": 1,
      "name": "dense_3_dense_weights_array",
      "nbits": 4,
      "offset_start": 226584,
      "qmn": {},
      "shape": [
        1024,
        4096
      ],
      "shape_map": [
        "CH",
        "CH_IN"
      ],
      "size_bytes": 2097216
    },
    {
      "alignment": 4,
      "batch": 0,
      "channel_first": true,
      "channel_last": true,
      "epochs": {
        "end": 40,
        "start": 37
      },
      "flags": "STAI_FLAG_PREALLOCATED|STAI_FLAG_ACTIVATIONS",
      "format": "STAI_FORMAT_FLOAT",
      "id": 192,
      "intq": {},
      "is_param": false,
      "mpool_id": 0,
      "name": "dense_3_output_array",
      "nbits": 32,
      "offset_start": 0,
      "qmn": {},
      "shape": [
        1024
      ],
      "shape_map": [
        "CH"
      ],
      "size_bytes": 4096
    },
    {
      "alignment": 4,
      "batch": 0,
      "channel_first": true,
      "channel_last": true,
      "epochs": {
        "end": 1,
        "start": 0
      },
      "flags": "STAI_FLAG_WEIGHTS|STAI_FLAG_CONST|STAI_FLAG_PREALLOCATED",
      "format": "STAI_FORMAT_FLOAT",
      "id": 250,
      "intq": {},
      "is_param": true,
      "mpool_id": 1,
      "name": "dense_4_dense_bias_array",
      "nbits": 32,
      "offset_start": 2368856,
      "qmn": {},
      "shape": [
        10
      ],
      "shape_map": [
        "CH"
      ],
      "size_bytes": 40
    },
    {
      "alignment": 4,
      "batch": 0,
      "channel_first": true,
      "channel_last": true,
      "epochs": {
        "end": 42,
        "start": 39
      },
      "flags": "STAI_FLAG_PREALLOCATED|STAI_FLAG_ACTIVATIONS",
      "format": "STAI_FORMAT_FLOAT",
      "id": 194,
      "intq": {},
      "is_param": false,
      "mpool_id": 0,
      "name": "dense_4_dense_output_array",
      "nbits": 32,
      "offset_start": 4096,
      "qmn": {},
      "shape": [
        10
      ],
      "shape_map": [
        "CH"
      ],
      "size_bytes": 40
    },
    {
      "alignment": 4,
      "batch": 0,
      "channel_first": true,
      "channel_last": true,
      "epochs": {
        "end": 1,
        "start": 0
      },
      "flags": "STAI_FLAG_WEIGHTS|STAI_FLAG_CONST|STAI_FLAG_PREALLOCATED",
      "format": "STAI_FORMAT_FLOAT",
      "id": 247,
      "intq": {},
      "is_param": true,
      "mpool_id": 1,
      "name": "dense_4_dense_weights_array",
      "nbits": 32,
      "offset_start": 2327896,
      "qmn": {},
      "shape": [
        10,
        1024
      ],
      "shape_map": [
        "CH",
        "CH_IN"
      ],
      "size_bytes": 40960
    },
    {
      "alignment": 4,
      "batch": 0,
      "channel_first": true,
      "channel_last": true,
      "epochs": {
        "end": 43,
        "start": 41
      },
      "flags": "STAI_FLAG_OUTPUTS|STAI_FLAG_PREALLOCATED|STAI_FLAG_ACTIVATIONS",
      "format": "STAI_FORMAT_FLOAT",
      "id": 196,
      "intq": {},
      "is_param": false,
      "mpool_id": 0,
      "name": "dense_4_output_array",
      "nbits": 32,
      "offset_start": 0,
      "qmn": {},
      "shape": [
        10
      ],
      "shape_map": [
        "CH"
      ],
      "size_bytes": 40
    },
    {
      "alignment": 4,
      "batch": 0,
      "channel_first": false,
      "channel_last": true,
      "epochs": {
        "end": 4,
        "start": 2
      },
      "flags": "STAI_FLAG_INPUTS|STAI_FLAG_PREALLOCATED|STAI_FLAG_ACTIVATIONS",
      "format": "STAI_FORMAT_FLOAT",
      "id": 162,
      "intq": {},
      "is_param": false,
      "mpool_id": 0,
      "name": "input_0_output_array",
      "nbits": 32,
      "offset_start": 131072,
      "qmn": {},
      "shape": [
        32,
        32,
        3
      ],
      "shape_map": [
        "H",
        "W",
        "CH"
      ],
      "size_bytes": 12288
    },
    {
      "alignment": 4,
      "batch": 0,
      "channel_first": false,
      "channel_last": true,
      "epochs": {
        "end": 19,
        "start": 15
      },
      "flags": "STAI_FLAG_PREALLOCATED|STAI_FLAG_ACTIVATIONS",
      "format": "STAI_FORMAT_FLOAT",
      "id": 174,
      "intq": {},
      "is_param": false,
      "mpool_id": 0,
      "name": "max_pooling2d_8_output_array",
      "nbits": 32,
      "offset_start": 0,
      "qmn": {},
      "shape": [
        16,
        16,
        32
      ],
      "shape_map": [
        "H",
        "W",
        "CH"
      ],
      "size_bytes": 32768
    },
    {
      "alignment": 4,
      "batch": 0,
      "channel_first": false,
      "channel_last": true,
      "epochs": {
        "end": 36,
        "start": 33
      },
      "flags": "STAI_FLAG_PREALLOCATED|STAI_FLAG_ACTIVATIONS",
      "format": "STAI_FORMAT_FLOAT",
      "id": 188,
      "intq": {},
      "is_param": false,
      "mpool_id": 0,
      "name": "max_pooling2d_9_output_array",
      "nbits": 32,
      "offset_start": 0,
      "qmn": {},
      "shape": [
        8,
        8,
        64
      ],
      "shape_map": [
        "H",
        "W",
        "CH"
      ],
      "size_bytes": 16384
    }
  ],
  "environment": {
    "generated_model": {
      "generated_time": "2025-09-23T14:15:55+0200",
      "model_files": [
        {
          "name": "mnist_data_params.h",
          "signature": "0xc9b9607fa43e91c49bcec60f6fcc2faa"
        },
        {
          "name": "mnist_data_params.c",
          "signature": "0xf32a4b03c72144b720a6f5c7d7e3a230"
        },
        {
          "name": "mnist_data.h",
          "signature": "0xc3ab6b0f39e70b7e796b4f2a9b695cf4"
        },
        {
          "name": "mnist_data.c",
          "signature": "0xf2a387219af7faefdee6e64dc5bd8af4"
        },
        {
          "name": "mnist_config.h",
          "signature": "0xbf4c9cded39586aba5b8e7b2a96305ef"
        },
        {
          "name": "mnist.h",
          "signature": "0xeea54d66866348dc20e7f39edb2f18c8"
        },
        {
          "name": "mnist.c",
          "signature": "0xdd19b0ef450525910722cf917a4e0f8d"
        }
      ],
      "name": "mnist"
    },
    "network_signature": "0x38197319f5858d6e",
    "test_name": "",
    "tools": [
      {
        "arguments": "analyze --target stm32l4 --name mnist -m C:/Users/hugoc/OneDrive/Documents/Hugo/ISMIN/Cours/S9/E_IA/Projet/Modeles/Model_light/16M_82/model_light_16M_82.h5 --compression high --verbosity 1 --workspace C:/Users/hugoc/AppData/Local/Temp/mxAI_workspace34711630182006895359606749277050 --output C:/Users/hugoc/.stm32cubemx/mnist_output",
        "environment": [
          "STATS_TYPE=X-CUBE-AI"
        ],
        "input_model": {
          "model_files": [
            {
              "name": "model_light_16M_82.h5",
              "signature": "0x79f9df2f4bddd490f47c7531f3780788"
            }
          ],
          "n_params": 4262224,
          "name": "model_light_16M_82",
          "size": 17048896,
          "type": "keras"
        },
        "name": "ST.EdgeAI.Core",
        "version": "2.2.0-20266 2adc00962"
      }
    ]
  },
  "graphs": [
    {
      "edges": [
        {
          "buffer": 164,
          "edge_kind": "EDGE_MEMORY",
          "end": {
            "node_id": 23,
            "port": 0
          },
          "id": 0,
          "name": "n22-p0_n23-p0",
          "start": {
            "node_id": 22,
            "port": 0
          }
        },
        {
          "buffer": 166,
          "edge_kind": "EDGE_MEMORY",
          "end": {
            "node_id": 24,
            "port": 0
          },
          "id": 1,
          "name": "n23-p0_n24-p0",
          "start": {
            "node_id": 23,
            "port": 0
          }
        },
        {
          "buffer": 168,
          "edge_kind": "EDGE_MEMORY",
          "end": {
            "node_id": 25,
            "port": 0
          },
          "id": 2,
          "name": "n24-p0_n25-p0",
          "start": {
            "node_id": 24,
            "port": 0
          }
        },
        {
          "buffer": 170,
          "edge_kind": "EDGE_MEMORY",
          "end": {
            "node_id": 26,
            "port": 0
          },
          "id": 3,
          "name": "n25-p0_n26-p0",
          "start": {
            "node_id": 25,
            "port": 0
          }
        },
        {
          "buffer": 172,
          "edge_kind": "EDGE_MEMORY",
          "end": {
            "node_id": 27,
            "port": 0
          },
          "id": 4,
          "name": "n26-p0_n27-p0",
          "start": {
            "node_id": 26,
            "port": 0
          }
        },
        {
          "buffer": 174,
          "edge_kind": "EDGE_MEMORY",
          "end": {
            "node_id": 28,
            "port": 0
          },
          "id": 5,
          "name": "n27-p0_n28-p0",
          "start": {
            "node_id": 27,
            "port": 0
          }
        },
        {
          "buffer": 176,
          "edge_kind": "EDGE_MEMORY",
          "end": {
            "node_id": 29,
            "port": 0
          },
          "id": 6,
          "name": "n28-p0_n29-p0",
          "start": {
            "node_id": 28,
            "port": 0
          }
        },
        {
          "buffer": 178,
          "edge_kind": "EDGE_MEMORY",
          "end": {
            "node_id": 30,
            "port": 0
          },
          "id": 7,
          "name": "n29-p0_n30-p0",
          "start": {
            "node_id": 29,
            "port": 0
          }
        },
        {
          "buffer": 180,
          "edge_kind": "EDGE_MEMORY",
          "end": {
            "node_id": 31,
            "port": 0
          },
          "id": 8,
          "name": "n30-p0_n31-p0",
          "start": {
            "node_id": 30,
            "port": 0
          }
        },
        {
          "buffer": 182,
          "edge_kind": "EDGE_MEMORY",
          "end": {
            "node_id": 32,
            "port": 0
          },
          "id": 9,
          "name": "n31-p0_n32-p0",
          "start": {
            "node_id": 31,
            "port": 0
          }
        },
        {
          "buffer": 184,
          "edge_kind": "EDGE_MEMORY",
          "end": {
            "node_id": 33,
            "port": 0
          },
          "id": 10,
          "name": "n32-p0_n33-p0",
          "start": {
            "node_id": 32,
            "port": 0
          }
        },
        {
          "buffer": 186,
          "edge_kind": "EDGE_MEMORY",
          "end": {
            "node_id": 34,
            "port": 0
          },
          "id": 11,
          "name": "n33-p0_n34-p0",
          "start": {
            "node_id": 33,
            "port": 0
          }
        },
        {
          "buffer": 188,
          "edge_kind": "EDGE_MEMORY",
          "end": {
            "node_id": 35,
            "port": 0
          },
          "id": 12,
          "name": "n34-p0_n35-p0",
          "start": {
            "node_id": 34,
            "port": 0
          }
        },
        {
          "buffer": 190,
          "edge_kind": "EDGE_MEMORY",
          "end": {
            "node_id": 36,
            "port": 0
          },
          "id": 13,
          "name": "n35-p0_n36-p0",
          "start": {
            "node_id": 35,
            "port": 0
          }
        },
        {
          "buffer": 192,
          "edge_kind": "EDGE_MEMORY",
          "end": {
            "node_id": 37,
            "port": 0
          },
          "id": 14,
          "name": "n36-p0_n37-p0",
          "start": {
            "node_id": 36,
            "port": 0
          }
        },
        {
          "buffer": 194,
          "edge_kind": "EDGE_MEMORY",
          "end": {
            "node_id": 38,
            "port": 0
          },
          "id": 15,
          "name": "n37-p0_n38-p0",
          "start": {
            "node_id": 37,
            "port": 0
          }
        }
      ],
      "id": 0,
      "inputs": [
        162
      ],
      "name": "model_light_16M_82",
      "nodes": [
        {
          "attributes": {
            "nonlinearity": "relu"
          },
          "description": "Nonlinearity",
          "id": 22,
          "inputs": [
            162
          ],
          "macc": 3072,
          "mapping": "NODE_SW",
          "name": "activation_12",
          "original_nodes": [
            "0"
          ],
          "outputs": [
            164
          ],
          "scratchs": [],
          "subgraph_nodes": [],
          "sw_functions": [
            "forward_relu"
          ]
        },
        {
          "attributes": {
            "dl_axis": "-1",
            "ir_axis": "CH",
            "use_bias": "True"
          },
          "description": "ScaleBias",
          "id": 23,
          "inputs": [
            164,
            198,
            201
          ],
          "macc": 6144,
          "mapping": "NODE_SW",
          "name": "batch_normalization_12",
          "original_nodes": [
            "1"
          ],
          "outputs": [
            166
          ],
          "scratchs": [],
          "subgraph_nodes": [],
          "sw_functions": [
            "forward_bn"
          ]
        },
        {
          "attributes": {
            "dilation": "{H: 1, W: 1}",
            "filter_size": "(3, 3)",
            "groups": "1",
            "is_depthwise": "False",
            "is_grouped_conv": "False",
            "num_filters": "32",
            "pad": "{H: (1, 1), W: (1, 1)}",
            "pad_strategy": "same",
            "pad_value": "0",
            "stride": "(1, 1)",
            "use_bias": "True",
            "weights_prefetch": "True"
          },
          "description": "Conv2D",
          "id": 24,
          "inputs": [
            166,
            204,
            207
          ],
          "macc": 884768,
          "mapping": "NODE_SW",
          "name": "conv2d_9",
          "original_nodes": [
            "2"
          ],
          "outputs": [
            168
          ],
          "scratchs": [
            257
          ],
          "subgraph_nodes": [],
          "sw_functions": [
            "forward_conv2d_if32of32wf32"
          ]
        },
        {
          "attributes": {
            "nonlinearity": "relu"
          },
          "description": "Nonlinearity",
          "id": 25,
          "inputs": [
            168
          ],
          "macc": 32768,
          "mapping": "NODE_SW",
          "name": "activation_13",
          "original_nodes": [
            "3"
          ],
          "outputs": [
            170
          ],
          "scratchs": [],
          "subgraph_nodes": [],
          "sw_functions": [
            "forward_relu"
          ]
        },
        {
          "attributes": {
            "dl_axis": "-1",
            "ir_axis": "CH",
            "use_bias": "True"
          },
          "description": "ScaleBias",
          "id": 26,
          "inputs": [
            170,
            210,
            213
          ],
          "macc": 65536,
          "mapping": "NODE_SW",
          "name": "batch_normalization_13",
          "original_nodes": [
            "4"
          ],
          "outputs": [
            172
          ],
          "scratchs": [],
          "subgraph_nodes": [],
          "sw_functions": [
            "forward_bn"
          ]
        },
        {
          "attributes": {
            "ceil_mode": "floor",
            "pool_function": "max",
            "pool_pad": "{H: (0, 0), W: (0, 0)}",
            "pool_size": "(2, 2)",
            "pool_stride": "(2, 2)"
          },
          "description": "Pool",
          "id": 27,
          "inputs": [
            172
          ],
          "macc": 32768,
          "mapping": "NODE_SW",
          "name": "max_pooling2d_8",
          "original_nodes": [
            "5"
          ],
          "outputs": [
            174
          ],
          "scratchs": [],
          "subgraph_nodes": [],
          "sw_functions": [
            "forward_mp"
          ]
        },
        {
          "attributes": {
            "dilation": "{H: 1, W: 1}",
            "filter_size": "(3, 3)",
            "groups": "1",
            "is_depthwise": "False",
            "is_grouped_conv": "False",
            "num_filters": "64",
            "pad": "{H: (1, 1), W: (1, 1)}",
            "pad_strategy": "same",
            "pad_value": "0",
            "stride": "(1, 1)",
            "use_bias": "True",
            "weights_prefetch": "True"
          },
          "description": "Conv2D",
          "id": 28,
          "inputs": [
            174,
            216,
            219
          ],
          "macc": 4718656,
          "mapping": "NODE_SW",
          "name": "conv2d_10",
          "original_nodes": [
            "7"
          ],
          "outputs": [
            176
          ],
          "scratchs": [
            264
          ],
          "subgraph_nodes": [],
          "sw_functions": [
            "forward_conv2d_if32of32wf32"
          ]
        },
        {
          "attributes": {
            "nonlinearity": "relu"
          },
          "description": "Nonlinearity",
          "id": 29,
          "inputs": [
            176
          ],
          "macc": 16384,
          "mapping": "NODE_SW",
          "name": "activation_14",
          "original_nodes": [
            "8"
          ],
          "outputs": [
            178
          ],
          "scratchs": [],
          "subgraph_nodes": [],
          "sw_functions": [
            "forward_relu"
          ]
        },
        {
          "attributes": {
            "dl_axis": "-1",
            "ir_axis": "CH",
            "use_bias": "True"
          },
          "description": "ScaleBias",
          "id": 30,
          "inputs": [
            178,
            222,
            225
          ],
          "macc": 32768,
          "mapping": "NODE_SW",
          "name": "batch_normalization_14",
          "original_nodes": [
            "9"
          ],
          "outputs": [
            180
          ],
          "scratchs": [],
          "subgraph_nodes": [],
          "sw_functions": [
            "forward_bn"
          ]
        },
        {
          "attributes": {
            "dilation": "{H: 1, W: 1}",
            "filter_size": "(3, 3)",
            "groups": "1",
            "is_depthwise": "False",
            "is_grouped_conv": "False",
            "num_filters": "64",
            "pad": "{H: (1, 1), W: (1, 1)}",
            "pad_strategy": "same",
            "pad_value": "0",
            "stride": "(1, 1)",
            "use_bias": "True",
            "weights_prefetch": "True"
          },
          "description": "Conv2D",
          "id": 31,
          "inputs": [
            180,
            228,
            231
          ],
          "macc": 9437248,
          "mapping": "NODE_SW",
          "name": "conv2d_11",
          "original_nodes": [
            "10"
          ],
          "outputs": [
            182
          ],
          "scratchs": [
            271
          ],
          "subgraph_nodes": [],
          "sw_functions": [
            "forward_conv2d_if32of32wf32"
          ]
        },
        {
          "attributes": {
            "nonlinearity": "relu"
          },
          "description": "Nonlinearity",
          "id": 32,
          "inputs": [
            182
          ],
          "macc": 16384,
          "mapping": "NODE_SW",
          "name": "activation_15",
          "original_nodes": [
            "11"
          ],
          "outputs": [
            184
          ],
          "scratchs": [],
          "subgraph_nodes": [],
          "sw_functions": [
            "forward_relu"
          ]
        },
        {
          "attributes": {
            "dl_axis": "-1",
            "ir_axis": "CH",
            "use_bias": "True"
          },
          "description": "ScaleBias",
          "id": 33,
          "inputs": [
            184,
            234,
            237
          ],
          "macc": 32768,
          "mapping": "NODE_SW",
          "name": "batch_normalization_15",
          "original_nodes": [
            "12"
          ],
          "outputs": [
            186
          ],
          "scratchs": [],
          "subgraph_nodes": [],
          "sw_functions": [
            "forward_bn"
          ]
        },
        {
          "attributes": {
            "ceil_mode": "floor",
            "pool_function": "max",
            "pool_pad": "{H: (0, 0), W: (0, 0)}",
            "pool_size": "(2, 2)",
            "pool_stride": "(2, 2)"
          },
          "description": "Pool",
          "id": 34,
          "inputs": [
            186
          ],
          "macc": 16384,
          "mapping": "NODE_SW",
          "name": "max_pooling2d_9",
          "original_nodes": [
            "13"
          ],
          "outputs": [
            188
          ],
          "scratchs": [],
          "subgraph_nodes": [],
          "sw_functions": [
            "forward_mp"
          ]
        },
        {
          "attributes": {
            "compressed": "True",
            "num_units": "1024",
            "use_bias": "True"
          },
          "description": "Dense",
          "id": 35,
          "inputs": [
            188,
            241,
            244
          ],
          "macc": 4195328,
          "mapping": "NODE_SW",
          "name": "dense_3_dense",
          "original_nodes": [
            "16"
          ],
          "outputs": [
            190
          ],
          "scratchs": [],
          "subgraph_nodes": [],
          "sw_functions": [
            "forward_dense"
          ]
        },
        {
          "attributes": {
            "nonlinearity": "sigmoid"
          },
          "description": "Nonlinearity",
          "id": 36,
          "inputs": [
            190
          ],
          "macc": 10240,
          "mapping": "NODE_SW",
          "name": "dense_3",
          "original_nodes": [
            "16"
          ],
          "outputs": [
            192
          ],
          "scratchs": [],
          "subgraph_nodes": [],
          "sw_functions": [
            "forward_sigmoid"
          ]
        },
        {
          "attributes": {
            "num_units": "10",
            "use_bias": "True"
          },
          "description": "Dense",
          "id": 37,
          "inputs": [
            192,
            247,
            250
          ],
          "macc": 10250,
          "mapping": "NODE_SW",
          "name": "dense_4_dense",
          "original_nodes": [
            "18"
          ],
          "outputs": [
            194
          ],
          "scratchs": [],
          "subgraph_nodes": [],
          "sw_functions": [
            "forward_dense"
          ]
        },
        {
          "attributes": {
            "axis": "CH",
            "nonlinearity": "softmax",
            "orig_axis": "-1"
          },
          "description": "Nonlinearity",
          "id": 38,
          "inputs": [
            194
          ],
          "macc": 150,
          "mapping": "NODE_SW",
          "name": "dense_4",
          "original_nodes": [
            "18"
          ],
          "outputs": [
            196
          ],
          "scratchs": [],
          "subgraph_nodes": [],
          "sw_functions": [
            "forward_sm"
          ]
        }
      ],
      "original_inputs": [
        {
          "c_shape_map": [],
          "data_format": {
            "quantizer": "NONE",
            "scale": [],
            "size": 32,
            "type": "FLOAT",
            "zero": []
          },
          "name": "input_0",
          "shape": [
            null,
            32,
            32,
            3
          ],
          "shape_map": [
            "BATCH",
            "H",
            "W",
            "CH"
          ]
        }
      ],
      "original_outputs": [
        {
          "c_shape_map": [],
          "data_format": {
            "quantizer": "NONE",
            "scale": [],
            "size": 32,
            "type": "FLOAT",
            "zero": []
          },
          "name": "dense_4",
          "shape": [
            null,
            10
          ],
          "shape_map": [
            "BATCH",
            "CH"
          ]
        }
      ],
      "outputs": [
        196
      ]
    }
  ],
  "json_schema_version": "2.0",
  "memory_footprint": {
    "activations": 143468,
    "io": [
      0,
      0
    ],
    "kernel_flash": 16850,
    "kernel_ram": 5352,
    "series": "stm32l4",
    "toolchain": "arm-none-eabi-gcc (GNU Tools for STM32 13.3.rel1.20240926-1715) 13.3.1 20240614",
    "toolchain_flash": 638,
    "toolchain_ram": 0,
    "weights": 2368896
  },
  "memory_pools": [
    {
      "address": "NULL",
      "alignment": 4,
      "attributes": {
        "latency": "HIGH",
        "score": 768,
        "throughput": "LOW"
      },
      "buffers": [
        162,
        164,
        166,
        168,
        170,
        172,
        174,
        176,
        178,
        180,
        182,
        184,
        186,
        188,
        190,
        192,
        194,
        196,
        257,
        264,
        271
      ],
      "id": 0,
      "name": "heap_overlay_pool",
      "offset_start": 0,
      "persistent": false,
      "rights": "ACC_WRITE",
      "size_bytes": -1,
      "subpools": [],
      "used_size_bytes": 143468,
      "user_allocated": false,
      "virtual": false
    },
    {
      "address": "s_mnist_weights_array_u64",
      "alignment": 0,
      "attributes": {
        "latency": "UNDEF",
        "score": 0,
        "throughput": "UNDEF"
      },
      "buffers": [
        198,
        201,
        204,
        207,
        210,
        213,
        216,
        219,
        222,
        225,
        228,
        231,
        234,
        237,
        241,
        244,
        247,
        250
      ],
      "id": 1,
      "name": "weights_array",
      "offset_start": 0,
      "persistent": true,
      "rights": "ACC_READ",
      "size_bytes": -1,
      "subpools": [],
      "used_size_bytes": 2368896,
      "user_allocated": false,
      "virtual": false
    }
  ]
}