{
  "buffers": [
    {
      "alignment": 4,
      "batch": 0,
      "channel_first": false,
      "channel_last": true,
      "epochs": {
        "end": 6,
        "start": 3
      },
      "flags": "STAI_FLAG_PREALLOCATED|STAI_FLAG_ACTIVATIONS",
      "format": "STAI_FORMAT_FLOAT",
      "id": 254,
      "intq": {},
      "is_param": false,
      "mpool_id": 0,
      "name": "activation_86_output_array",
      "nbits": 32,
      "offset_start": 12396,
      "qmn": {},
      "shape": [
        32,
        32,
        3
      ],
      "shape_map": [
        "H",
        "W",
        "CH"
      ],
      "size_bytes": 12288
    },
    {
      "alignment": 4,
      "batch": 0,
      "channel_first": false,
      "channel_last": true,
      "epochs": {
        "end": 14,
        "start": 11
      },
      "flags": "STAI_FLAG_PREALLOCATED|STAI_FLAG_ACTIVATIONS",
      "format": "STAI_FORMAT_FLOAT",
      "id": 260,
      "intq": {},
      "is_param": false,
      "mpool_id": 0,
      "name": "activation_87_output_array",
      "nbits": 32,
      "offset_start": 12396,
      "qmn": {},
      "shape": [
        32,
        32,
        32
      ],
      "shape_map": [
        "H",
        "W",
        "CH"
      ],
      "size_bytes": 131072
    },
    {
      "alignment": 4,
      "batch": 0,
      "channel_first": false,
      "channel_last": true,
      "epochs": {
        "end": 22,
        "start": 19
      },
      "flags": "STAI_FLAG_PREALLOCATED|STAI_FLAG_ACTIVATIONS",
      "format": "STAI_FORMAT_FLOAT",
      "id": 266,
      "intq": {},
      "is_param": false,
      "mpool_id": 0,
      "name": "activation_88_output_array",
      "nbits": 32,
      "offset_start": 3820,
      "qmn": {},
      "shape": [
        32,
        32,
        32
      ],
      "shape_map": [
        "H",
        "W",
        "CH"
      ],
      "size_bytes": 131072
    },
    {
      "alignment": 4,
      "batch": 0,
      "channel_first": false,
      "channel_last": true,
      "epochs": {
        "end": 32,
        "start": 29
      },
      "flags": "STAI_FLAG_PREALLOCATED|STAI_FLAG_ACTIVATIONS",
      "format": "STAI_FORMAT_FLOAT",
      "id": 274,
      "intq": {},
      "is_param": false,
      "mpool_id": 0,
      "name": "activation_89_output_array",
      "nbits": 32,
      "offset_start": 36588,
      "qmn": {},
      "shape": [
        16,
        16,
        64
      ],
      "shape_map": [
        "H",
        "W",
        "CH"
      ],
      "size_bytes": 65536
    },
    {
      "alignment": 4,
      "batch": 0,
      "channel_first": false,
      "channel_last": true,
      "epochs": {
        "end": 40,
        "start": 37
      },
      "flags": "STAI_FLAG_PREALLOCATED|STAI_FLAG_ACTIVATIONS",
      "format": "STAI_FORMAT_FLOAT",
      "id": 280,
      "intq": {},
      "is_param": false,
      "mpool_id": 0,
      "name": "activation_90_output_array",
      "nbits": 32,
      "offset_start": 27628,
      "qmn": {},
      "shape": [
        16,
        16,
        64
      ],
      "shape_map": [
        "H",
        "W",
        "CH"
      ],
      "size_bytes": 65536
    },
    {
      "alignment": 4,
      "batch": 0,
      "channel_first": false,
      "channel_last": true,
      "epochs": {
        "end": 50,
        "start": 47
      },
      "flags": "STAI_FLAG_PREALLOCATED|STAI_FLAG_ACTIVATIONS",
      "format": "STAI_FORMAT_FLOAT",
      "id": 288,
      "intq": {},
      "is_param": false,
      "mpool_id": 0,
      "name": "activation_91_output_array",
      "nbits": 32,
      "offset_start": 51456,
      "qmn": {},
      "shape": [
        8,
        8,
        128
      ],
      "shape_map": [
        "H",
        "W",
        "CH"
      ],
      "size_bytes": 32768
    },
    {
      "alignment": 4,
      "batch": 0,
      "channel_first": false,
      "channel_last": true,
      "epochs": {
        "end": 60,
        "start": 57
      },
      "flags": "STAI_FLAG_PREALLOCATED|STAI_FLAG_ACTIVATIONS",
      "format": "STAI_FORMAT_FLOAT",
      "id": 296,
      "intq": {},
      "is_param": false,
      "mpool_id": 0,
      "name": "activation_92_output_array",
      "nbits": 32,
      "offset_start": 20992,
      "qmn": {},
      "shape": [
        4,
        4,
        256
      ],
      "shape_map": [
        "H",
        "W",
        "CH"
      ],
      "size_bytes": 16384
    },
    {
      "alignment": 4,
      "batch": 0,
      "channel_first": true,
      "channel_last": true,
      "epochs": {
        "end": 1,
        "start": 0
      },
      "flags": "STAI_FLAG_WEIGHTS|STAI_FLAG_CONST|STAI_FLAG_PREALLOCATED",
      "format": "STAI_FORMAT_FLOAT",
      "id": 361,
      "intq": {},
      "is_param": true,
      "mpool_id": 1,
      "name": "batch_normalization_100_bias_array",
      "nbits": 32,
      "offset_start": 263576,
      "qmn": {},
      "shape": [
        64
      ],
      "shape_map": [
        "CH"
      ],
      "size_bytes": 256
    },
    {
      "alignment": 4,
      "batch": 0,
      "channel_first": false,
      "channel_last": true,
      "epochs": {
        "end": 42,
        "start": 39
      },
      "flags": "STAI_FLAG_PREALLOCATED|STAI_FLAG_ACTIVATIONS",
      "format": "STAI_FORMAT_FLOAT",
      "id": 282,
      "intq": {},
      "is_param": false,
      "mpool_id": 0,
      "name": "batch_normalization_100_output_array",
      "nbits": 32,
      "offset_start": 27628,
      "qmn": {},
      "shape": [
        16,
        16,
        64
      ],
      "shape_map": [
        "H",
        "W",
        "CH"
      ],
      "size_bytes": 65536
    },
    {
      "alignment": 4,
      "batch": 0,
      "channel_first": true,
      "channel_last": true,
      "epochs": {
        "end": 1,
        "start": 0
      },
      "flags": "STAI_FLAG_WEIGHTS|STAI_FLAG_CONST|STAI_FLAG_PREALLOCATED",
      "format": "STAI_FORMAT_FLOAT",
      "id": 358,
      "intq": {},
      "is_param": true,
      "mpool_id": 1,
      "name": "batch_normalization_100_scale_array",
      "nbits": 32,
      "offset_start": 263320,
      "qmn": {},
      "shape": [
        64
      ],
      "shape_map": [
        "CH"
      ],
      "size_bytes": 256
    },
    {
      "alignment": 4,
      "batch": 0,
      "channel_first": true,
      "channel_last": true,
      "epochs": {
        "end": 1,
        "start": 0
      },
      "flags": "STAI_FLAG_WEIGHTS|STAI_FLAG_CONST|STAI_FLAG_PREALLOCATED",
      "format": "STAI_FORMAT_FLOAT",
      "id": 373,
      "intq": {},
      "is_param": true,
      "mpool_id": 1,
      "name": "batch_normalization_101_bias_array",
      "nbits": 32,
      "offset_start": 559768,
      "qmn": {},
      "shape": [
        128
      ],
      "shape_map": [
        "CH"
      ],
      "size_bytes": 512
    },
    {
      "alignment": 4,
      "batch": 0,
      "channel_first": false,
      "channel_last": true,
      "epochs": {
        "end": 52,
        "start": 49
      },
      "flags": "STAI_FLAG_PREALLOCATED|STAI_FLAG_ACTIVATIONS",
      "format": "STAI_FORMAT_FLOAT",
      "id": 290,
      "intq": {},
      "is_param": false,
      "mpool_id": 0,
      "name": "batch_normalization_101_output_array",
      "nbits": 32,
      "offset_start": 0,
      "qmn": {},
      "shape": [
        8,
        8,
        128
      ],
      "shape_map": [
        "H",
        "W",
        "CH"
      ],
      "size_bytes": 32768
    },
    {
      "alignment": 4,
      "batch": 0,
      "channel_first": true,
      "channel_last": true,
      "epochs": {
        "end": 1,
        "start": 0
      },
      "flags": "STAI_FLAG_WEIGHTS|STAI_FLAG_CONST|STAI_FLAG_PREALLOCATED",
      "format": "STAI_FORMAT_FLOAT",
      "id": 370,
      "intq": {},
      "is_param": true,
      "mpool_id": 1,
      "name": "batch_normalization_101_scale_array",
      "nbits": 32,
      "offset_start": 559256,
      "qmn": {},
      "shape": [
        128
      ],
      "shape_map": [
        "CH"
      ],
      "size_bytes": 512
    },
    {
      "alignment": 4,
      "batch": 0,
      "channel_first": true,
      "channel_last": true,
      "epochs": {
        "end": 1,
        "start": 0
      },
      "flags": "STAI_FLAG_WEIGHTS|STAI_FLAG_CONST|STAI_FLAG_PREALLOCATED",
      "format": "STAI_FORMAT_FLOAT",
      "id": 385,
      "intq": {},
      "is_param": true,
      "mpool_id": 1,
      "name": "batch_normalization_102_bias_array",
      "nbits": 32,
      "offset_start": 1741976,
      "qmn": {},
      "shape": [
        256
      ],
      "shape_map": [
        "CH"
      ],
      "size_bytes": 1024
    },
    {
      "alignment": 4,
      "batch": 0,
      "channel_first": false,
      "channel_last": true,
      "epochs": {
        "end": 62,
        "start": 59
      },
      "flags": "STAI_FLAG_PREALLOCATED|STAI_FLAG_ACTIVATIONS",
      "format": "STAI_FORMAT_FLOAT",
      "id": 298,
      "intq": {},
      "is_param": false,
      "mpool_id": 0,
      "name": "batch_normalization_102_output_array",
      "nbits": 32,
      "offset_start": 0,
      "qmn": {},
      "shape": [
        4,
        4,
        256
      ],
      "shape_map": [
        "H",
        "W",
        "CH"
      ],
      "size_bytes": 16384
    },
    {
      "alignment": 4,
      "batch": 0,
      "channel_first": true,
      "channel_last": true,
      "epochs": {
        "end": 1,
        "start": 0
      },
      "flags": "STAI_FLAG_WEIGHTS|STAI_FLAG_CONST|STAI_FLAG_PREALLOCATED",
      "format": "STAI_FORMAT_FLOAT",
      "id": 382,
      "intq": {},
      "is_param": true,
      "mpool_id": 1,
      "name": "batch_normalization_102_scale_array",
      "nbits": 32,
      "offset_start": 1740952,
      "qmn": {},
      "shape": [
        256
      ],
      "shape_map": [
        "CH"
      ],
      "size_bytes": 1024
    },
    {
      "alignment": 4,
      "batch": 0,
      "channel_first": true,
      "channel_last": true,
      "epochs": {
        "end": 1,
        "start": 0
      },
      "flags": "STAI_FLAG_WEIGHTS|STAI_FLAG_CONST|STAI_FLAG_PREALLOCATED",
      "format": "STAI_FORMAT_FLOAT",
      "id": 313,
      "intq": {},
      "is_param": true,
      "mpool_id": 1,
      "name": "batch_normalization_96_bias_array",
      "nbits": 32,
      "offset_start": 12,
      "qmn": {},
      "shape": [
        3
      ],
      "shape_map": [
        "CH"
      ],
      "size_bytes": 12
    },
    {
      "alignment": 4,
      "batch": 0,
      "channel_first": false,
      "channel_last": true,
      "epochs": {
        "end": 9,
        "start": 5
      },
      "flags": "STAI_FLAG_PREALLOCATED|STAI_FLAG_ACTIVATIONS",
      "format": "STAI_FORMAT_FLOAT",
      "id": 256,
      "intq": {},
      "is_param": false,
      "mpool_id": 0,
      "name": "batch_normalization_96_output_array",
      "nbits": 32,
      "offset_start": 108,
      "qmn": {},
      "shape": [
        32,
        32,
        3
      ],
      "shape_map": [
        "H",
        "W",
        "CH"
      ],
      "size_bytes": 12288
    },
    {
      "alignment": 4,
      "batch": 0,
      "channel_first": true,
      "channel_last": true,
      "epochs": {
        "end": 1,
        "start": 0
      },
      "flags": "STAI_FLAG_WEIGHTS|STAI_FLAG_CONST|STAI_FLAG_PREALLOCATED",
      "format": "STAI_FORMAT_FLOAT",
      "id": 310,
      "intq": {},
      "is_param": true,
      "mpool_id": 1,
      "name": "batch_normalization_96_scale_array",
      "nbits": 32,
      "offset_start": 0,
      "qmn": {},
      "shape": [
        3
      ],
      "shape_map": [
        "CH"
      ],
      "size_bytes": 12
    },
    {
      "alignment": 4,
      "batch": 0,
      "channel_first": true,
      "channel_last": true,
      "epochs": {
        "end": 1,
        "start": 0
      },
      "flags": "STAI_FLAG_WEIGHTS|STAI_FLAG_CONST|STAI_FLAG_PREALLOCATED",
      "format": "STAI_FORMAT_FLOAT",
      "id": 325,
      "intq": {},
      "is_param": true,
      "mpool_id": 1,
      "name": "batch_normalization_97_bias_array",
      "nbits": 32,
      "offset_start": 3736,
      "qmn": {},
      "shape": [
        32
      ],
      "shape_map": [
        "CH"
      ],
      "size_bytes": 128
    },
    {
      "alignment": 4,
      "batch": 0,
      "channel_first": false,
      "channel_last": true,
      "epochs": {
        "end": 17,
        "start": 13
      },
      "flags": "STAI_FLAG_PREALLOCATED|STAI_FLAG_ACTIVATIONS",
      "format": "STAI_FORMAT_FLOAT",
      "id": 262,
      "intq": {},
      "is_param": false,
      "mpool_id": 0,
      "name": "batch_normalization_97_output_array",
      "nbits": 32,
      "offset_start": 12396,
      "qmn": {},
      "shape": [
        32,
        32,
        32
      ],
      "shape_map": [
        "H",
        "W",
        "CH"
      ],
      "size_bytes": 131072
    },
    {
      "alignment": 4,
      "batch": 0,
      "channel_first": true,
      "channel_last": true,
      "epochs": {
        "end": 1,
        "start": 0
      },
      "flags": "STAI_FLAG_WEIGHTS|STAI_FLAG_CONST|STAI_FLAG_PREALLOCATED",
      "format": "STAI_FORMAT_FLOAT",
      "id": 322,
      "intq": {},
      "is_param": true,
      "mpool_id": 1,
      "name": "batch_normalization_97_scale_array",
      "nbits": 32,
      "offset_start": 3608,
      "qmn": {},
      "shape": [
        32
      ],
      "shape_map": [
        "CH"
      ],
      "size_bytes": 128
    },
    {
      "alignment": 4,
      "batch": 0,
      "channel_first": true,
      "channel_last": true,
      "epochs": {
        "end": 1,
        "start": 0
      },
      "flags": "STAI_FLAG_WEIGHTS|STAI_FLAG_CONST|STAI_FLAG_PREALLOCATED",
      "format": "STAI_FORMAT_FLOAT",
      "id": 337,
      "intq": {},
      "is_param": true,
      "mpool_id": 1,
      "name": "batch_normalization_98_bias_array",
      "nbits": 32,
      "offset_start": 40984,
      "qmn": {},
      "shape": [
        32
      ],
      "shape_map": [
        "CH"
      ],
      "size_bytes": 128
    },
    {
      "alignment": 4,
      "batch": 0,
      "channel_first": false,
      "channel_last": true,
      "epochs": {
        "end": 24,
        "start": 21
      },
      "flags": "STAI_FLAG_PREALLOCATED|STAI_FLAG_ACTIVATIONS",
      "format": "STAI_FORMAT_FLOAT",
      "id": 268,
      "intq": {},
      "is_param": false,
      "mpool_id": 0,
      "name": "batch_normalization_98_output_array",
      "nbits": 32,
      "offset_start": 3820,
      "qmn": {},
      "shape": [
        32,
        32,
        32
      ],
      "shape_map": [
        "H",
        "W",
        "CH"
      ],
      "size_bytes": 131072
    },
    {
      "alignment": 4,
      "batch": 0,
      "channel_first": true,
      "channel_last": true,
      "epochs": {
        "end": 1,
        "start": 0
      },
      "flags": "STAI_FLAG_WEIGHTS|STAI_FLAG_CONST|STAI_FLAG_PREALLOCATED",
      "format": "STAI_FORMAT_FLOAT",
      "id": 334,
      "intq": {},
      "is_param": true,
      "mpool_id": 1,
      "name": "batch_normalization_98_scale_array",
      "nbits": 32,
      "offset_start": 40856,
      "qmn": {},
      "shape": [
        32
      ],
      "shape_map": [
        "CH"
      ],
      "size_bytes": 128
    },
    {
      "alignment": 4,
      "batch": 0,
      "channel_first": true,
      "channel_last": true,
      "epochs": {
        "end": 1,
        "start": 0
      },
      "flags": "STAI_FLAG_WEIGHTS|STAI_FLAG_CONST|STAI_FLAG_PREALLOCATED",
      "format": "STAI_FORMAT_FLOAT",
      "id": 349,
      "intq": {},
      "is_param": true,
      "mpool_id": 1,
      "name": "batch_normalization_99_bias_array",
      "nbits": 32,
      "offset_start": 115352,
      "qmn": {},
      "shape": [
        64
      ],
      "shape_map": [
        "CH"
      ],
      "size_bytes": 256
    },
    {
      "alignment": 4,
      "batch": 0,
      "channel_first": false,
      "channel_last": true,
      "epochs": {
        "end": 35,
        "start": 31
      },
      "flags": "STAI_FLAG_PREALLOCATED|STAI_FLAG_ACTIVATIONS",
      "format": "STAI_FORMAT_FLOAT",
      "id": 276,
      "intq": {},
      "is_param": false,
      "mpool_id": 0,
      "name": "batch_normalization_99_output_array",
      "nbits": 32,
      "offset_start": 36588,
      "qmn": {},
      "shape": [
        16,
        16,
        64
      ],
      "shape_map": [
        "H",
        "W",
        "CH"
      ],
      "size_bytes": 65536
    },
    {
      "alignment": 4,
      "batch": 0,
      "channel_first": true,
      "channel_last": true,
      "epochs": {
        "end": 1,
        "start": 0
      },
      "flags": "STAI_FLAG_WEIGHTS|STAI_FLAG_CONST|STAI_FLAG_PREALLOCATED",
      "format": "STAI_FORMAT_FLOAT",
      "id": 346,
      "intq": {},
      "is_param": true,
      "mpool_id": 1,
      "name": "batch_normalization_99_scale_array",
      "nbits": 32,
      "offset_start": 115096,
      "qmn": {},
      "shape": [
        64
      ],
      "shape_map": [
        "CH"
      ],
      "size_bytes": 256
    },
    {
      "alignment": 4,
      "batch": 0,
      "channel_first": true,
      "channel_last": true,
      "epochs": {
        "end": 1,
        "start": 0
      },
      "flags": "STAI_FLAG_WEIGHTS|STAI_FLAG_CONST|STAI_FLAG_PREALLOCATED",
      "format": "STAI_FORMAT_FLOAT",
      "id": 319,
      "intq": {},
      "is_param": true,
      "mpool_id": 1,
      "name": "conv2d_78_bias_array",
      "nbits": 32,
      "offset_start": 3480,
      "qmn": {},
      "shape": [
        32
      ],
      "shape_map": [
        "CH"
      ],
      "size_bytes": 128
    },
    {
      "alignment": 4,
      "batch": 0,
      "channel_first": false,
      "channel_last": true,
      "epochs": {
        "end": 12,
        "start": 8
      },
      "flags": "STAI_FLAG_PREALLOCATED|STAI_FLAG_ACTIVATIONS",
      "format": "STAI_FORMAT_FLOAT",
      "id": 258,
      "intq": {},
      "is_param": false,
      "mpool_id": 0,
      "name": "conv2d_78_output_array",
      "nbits": 32,
      "offset_start": 12396,
      "qmn": {},
      "shape": [
        32,
        32,
        32
      ],
      "shape_map": [
        "H",
        "W",
        "CH"
      ],
      "size_bytes": 131072
    },
    {
      "alignment": 4,
      "batch": 0,
      "channel_first": false,
      "channel_last": true,
      "epochs": {
        "end": 10,
        "start": 7
      },
      "flags": "STAI_FLAG_PREALLOCATED|STAI_FLAG_ACTIVATIONS|STAI_FLAG_SCRATCHS",
      "format": "STAI_FORMAT_FLOAT",
      "id": 405,
      "intq": {},
      "is_param": false,
      "mpool_id": 0,
      "name": "conv2d_78_scratch0_array",
      "nbits": 32,
      "offset_start": 0,
      "qmn": {},
      "shape": [
        3,
        3,
        3,
        1
      ],
      "shape_map": [
        "H",
        "W",
        "CH",
        "CH_IN"
      ],
      "size_bytes": 108
    },
    {
      "alignment": 4,
      "batch": 0,
      "channel_first": true,
      "channel_last": false,
      "epochs": {
        "end": 1,
        "start": 0
      },
      "flags": "STAI_FLAG_WEIGHTS|STAI_FLAG_CONST|STAI_FLAG_PREALLOCATED",
      "format": "STAI_FORMAT_FLOAT",
      "id": 316,
      "intq": {},
      "is_param": true,
      "mpool_id": 1,
      "name": "conv2d_78_weights_array",
      "nbits": 32,
      "offset_start": 24,
      "qmn": {},
      "shape": [
        32,
        3,
        3,
        3
      ],
      "shape_map": [
        "CH",
        "H",
        "W",
        "CH_IN"
      ],
      "size_bytes": 3456
    },
    {
      "alignment": 4,
      "batch": 0,
      "channel_first": true,
      "channel_last": true,
      "epochs": {
        "end": 1,
        "start": 0
      },
      "flags": "STAI_FLAG_WEIGHTS|STAI_FLAG_CONST|STAI_FLAG_PREALLOCATED",
      "format": "STAI_FORMAT_FLOAT",
      "id": 331,
      "intq": {},
      "is_param": true,
      "mpool_id": 1,
      "name": "conv2d_79_bias_array",
      "nbits": 32,
      "offset_start": 40728,
      "qmn": {},
      "shape": [
        32
      ],
      "shape_map": [
        "CH"
      ],
      "size_bytes": 128
    },
    {
      "alignment": 4,
      "batch": 0,
      "channel_first": false,
      "channel_last": true,
      "epochs": {
        "end": 20,
        "start": 16
      },
      "flags": "STAI_FLAG_PREALLOCATED|STAI_FLAG_ACTIVATIONS",
      "format": "STAI_FORMAT_FLOAT",
      "id": 264,
      "intq": {},
      "is_param": false,
      "mpool_id": 0,
      "name": "conv2d_79_output_array",
      "nbits": 32,
      "offset_start": 3820,
      "qmn": {},
      "shape": [
        32,
        32,
        32
      ],
      "shape_map": [
        "H",
        "W",
        "CH"
      ],
      "size_bytes": 131072
    },
    {
      "alignment": 4,
      "batch": 0,
      "channel_first": false,
      "channel_last": true,
      "epochs": {
        "end": 18,
        "start": 15
      },
      "flags": "STAI_FLAG_PREALLOCATED|STAI_FLAG_ACTIVATIONS|STAI_FLAG_SCRATCHS",
      "format": "STAI_FORMAT_FLOAT",
      "id": 412,
      "intq": {},
      "is_param": false,
      "mpool_id": 0,
      "name": "conv2d_79_scratch0_array",
      "nbits": 32,
      "offset_start": 0,
      "qmn": {},
      "shape": [
        3,
        3,
        32,
        1
      ],
      "shape_map": [
        "H",
        "W",
        "CH",
        "CH_IN"
      ],
      "size_bytes": 1152
    },
    {
      "alignment": 4,
      "batch": 0,
      "channel_first": true,
      "channel_last": false,
      "epochs": {
        "end": 1,
        "start": 0
      },
      "flags": "STAI_FLAG_WEIGHTS|STAI_FLAG_CONST|STAI_FLAG_PREALLOCATED",
      "format": "STAI_FORMAT_FLOAT",
      "id": 328,
      "intq": {},
      "is_param": true,
      "mpool_id": 1,
      "name": "conv2d_79_weights_array",
      "nbits": 32,
      "offset_start": 3864,
      "qmn": {},
      "shape": [
        32,
        3,
        3,
        32
      ],
      "shape_map": [
        "CH",
        "H",
        "W",
        "CH_IN"
      ],
      "size_bytes": 36864
    },
    {
      "alignment": 4,
      "batch": 0,
      "channel_first": true,
      "channel_last": true,
      "epochs": {
        "end": 1,
        "start": 0
      },
      "flags": "STAI_FLAG_WEIGHTS|STAI_FLAG_CONST|STAI_FLAG_PREALLOCATED",
      "format": "STAI_FORMAT_FLOAT",
      "id": 343,
      "intq": {},
      "is_param": true,
      "mpool_id": 1,
      "name": "conv2d_80_bias_array",
      "nbits": 32,
      "offset_start": 114840,
      "qmn": {},
      "shape": [
        64
      ],
      "shape_map": [
        "CH"
      ],
      "size_bytes": 256
    },
    {
      "alignment": 4,
      "batch": 0,
      "channel_first": false,
      "channel_last": true,
      "epochs": {
        "end": 30,
        "start": 26
      },
      "flags": "STAI_FLAG_PREALLOCATED|STAI_FLAG_ACTIVATIONS",
      "format": "STAI_FORMAT_FLOAT",
      "id": 272,
      "intq": {},
      "is_param": false,
      "mpool_id": 0,
      "name": "conv2d_80_output_array",
      "nbits": 32,
      "offset_start": 36588,
      "qmn": {},
      "shape": [
        16,
        16,
        64
      ],
      "shape_map": [
        "H",
        "W",
        "CH"
      ],
      "size_bytes": 65536
    },
    {
      "alignment": 4,
      "batch": 0,
      "channel_first": false,
      "channel_last": true,
      "epochs": {
        "end": 28,
        "start": 25
      },
      "flags": "STAI_FLAG_PREALLOCATED|STAI_FLAG_ACTIVATIONS|STAI_FLAG_SCRATCHS",
      "format": "STAI_FORMAT_FLOAT",
      "id": 419,
      "intq": {},
      "is_param": false,
      "mpool_id": 0,
      "name": "conv2d_80_scratch0_array",
      "nbits": 32,
      "offset_start": 0,
      "qmn": {},
      "shape": [
        3,
        3,
        32,
        1
      ],
      "shape_map": [
        "H",
        "W",
        "CH",
        "CH_IN"
      ],
      "size_bytes": 1152
    },
    {
      "alignment": 4,
      "batch": 0,
      "channel_first": true,
      "channel_last": false,
      "epochs": {
        "end": 1,
        "start": 0
      },
      "flags": "STAI_FLAG_WEIGHTS|STAI_FLAG_CONST|STAI_FLAG_PREALLOCATED",
      "format": "STAI_FORMAT_FLOAT",
      "id": 340,
      "intq": {},
      "is_param": true,
      "mpool_id": 1,
      "name": "conv2d_80_weights_array",
      "nbits": 32,
      "offset_start": 41112,
      "qmn": {},
      "shape": [
        64,
        3,
        3,
        32
      ],
      "shape_map": [
        "CH",
        "H",
        "W",
        "CH_IN"
      ],
      "size_bytes": 73728
    },
    {
      "alignment": 4,
      "batch": 0,
      "channel_first": true,
      "channel_last": true,
      "epochs": {
        "end": 1,
        "start": 0
      },
      "flags": "STAI_FLAG_WEIGHTS|STAI_FLAG_CONST|STAI_FLAG_PREALLOCATED",
      "format": "STAI_FORMAT_FLOAT",
      "id": 355,
      "intq": {},
      "is_param": true,
      "mpool_id": 1,
      "name": "conv2d_81_bias_array",
      "nbits": 32,
      "offset_start": 263064,
      "qmn": {},
      "shape": [
        64
      ],
      "shape_map": [
        "CH"
      ],
      "size_bytes": 256
    },
    {
      "alignment": 4,
      "batch": 0,
      "channel_first": false,
      "channel_last": true,
      "epochs": {
        "end": 38,
        "start": 34
      },
      "flags": "STAI_FLAG_PREALLOCATED|STAI_FLAG_ACTIVATIONS",
      "format": "STAI_FORMAT_FLOAT",
      "id": 278,
      "intq": {},
      "is_param": false,
      "mpool_id": 0,
      "name": "conv2d_81_output_array",
      "nbits": 32,
      "offset_start": 27628,
      "qmn": {},
      "shape": [
        16,
        16,
        64
      ],
      "shape_map": [
        "H",
        "W",
        "CH"
      ],
      "size_bytes": 65536
    },
    {
      "alignment": 4,
      "batch": 0,
      "channel_first": false,
      "channel_last": true,
      "epochs": {
        "end": 36,
        "start": 33
      },
      "flags": "STAI_FLAG_PREALLOCATED|STAI_FLAG_ACTIVATIONS|STAI_FLAG_SCRATCHS",
      "format": "STAI_FORMAT_FLOAT",
      "id": 426,
      "intq": {},
      "is_param": false,
      "mpool_id": 0,
      "name": "conv2d_81_scratch0_array",
      "nbits": 32,
      "offset_start": 0,
      "qmn": {},
      "shape": [
        3,
        3,
        64,
        1
      ],
      "shape_map": [
        "H",
        "W",
        "CH",
        "CH_IN"
      ],
      "size_bytes": 2304
    },
    {
      "alignment": 4,
      "batch": 0,
      "channel_first": true,
      "channel_last": false,
      "epochs": {
        "end": 1,
        "start": 0
      },
      "flags": "STAI_FLAG_WEIGHTS|STAI_FLAG_CONST|STAI_FLAG_PREALLOCATED",
      "format": "STAI_FORMAT_FLOAT",
      "id": 352,
      "intq": {},
      "is_param": true,
      "mpool_id": 1,
      "name": "conv2d_81_weights_array",
      "nbits": 32,
      "offset_start": 115608,
      "qmn": {},
      "shape": [
        64,
        3,
        3,
        64
      ],
      "shape_map": [
        "CH",
        "H",
        "W",
        "CH_IN"
      ],
      "size_bytes": 147456
    },
    {
      "alignment": 4,
      "batch": 0,
      "channel_first": true,
      "channel_last": true,
      "epochs": {
        "end": 1,
        "start": 0
      },
      "flags": "STAI_FLAG_WEIGHTS|STAI_FLAG_CONST|STAI_FLAG_PREALLOCATED",
      "format": "STAI_FORMAT_FLOAT",
      "id": 367,
      "intq": {},
      "is_param": true,
      "mpool_id": 1,
      "name": "conv2d_82_bias_array",
      "nbits": 32,
      "offset_start": 558744,
      "qmn": {},
      "shape": [
        128
      ],
      "shape_map": [
        "CH"
      ],
      "size_bytes": 512
    },
    {
      "alignment": 4,
      "batch": 0,
      "channel_first": false,
      "channel_last": true,
      "epochs": {
        "end": 48,
        "start": 44
      },
      "flags": "STAI_FLAG_PREALLOCATED|STAI_FLAG_ACTIVATIONS",
      "format": "STAI_FORMAT_FLOAT",
      "id": 286,
      "intq": {},
      "is_param": false,
      "mpool_id": 0,
      "name": "conv2d_82_output_array",
      "nbits": 32,
      "offset_start": 18688,
      "qmn": {},
      "shape": [
        8,
        8,
        128
      ],
      "shape_map": [
        "H",
        "W",
        "CH"
      ],
      "size_bytes": 32768
    },
    {
      "alignment": 4,
      "batch": 0,
      "channel_first": false,
      "channel_last": true,
      "epochs": {
        "end": 46,
        "start": 43
      },
      "flags": "STAI_FLAG_PREALLOCATED|STAI_FLAG_ACTIVATIONS|STAI_FLAG_SCRATCHS",
      "format": "STAI_FORMAT_FLOAT",
      "id": 433,
      "intq": {},
      "is_param": false,
      "mpool_id": 0,
      "name": "conv2d_82_scratch0_array",
      "nbits": 32,
      "offset_start": 16384,
      "qmn": {},
      "shape": [
        3,
        3,
        64,
        1
      ],
      "shape_map": [
        "H",
        "W",
        "CH",
        "CH_IN"
      ],
      "size_bytes": 2304
    },
    {
      "alignment": 4,
      "batch": 0,
      "channel_first": true,
      "channel_last": false,
      "epochs": {
        "end": 1,
        "start": 0
      },
      "flags": "STAI_FLAG_WEIGHTS|STAI_FLAG_CONST|STAI_FLAG_PREALLOCATED",
      "format": "STAI_FORMAT_FLOAT",
      "id": 364,
      "intq": {},
      "is_param": true,
      "mpool_id": 1,
      "name": "conv2d_82_weights_array",
      "nbits": 32,
      "offset_start": 263832,
      "qmn": {},
      "shape": [
        128,
        3,
        3,
        64
      ],
      "shape_map": [
        "CH",
        "H",
        "W",
        "CH_IN"
      ],
      "size_bytes": 294912
    },
    {
      "alignment": 4,
      "batch": 0,
      "channel_first": true,
      "channel_last": true,
      "epochs": {
        "end": 1,
        "start": 0
      },
      "flags": "STAI_FLAG_WEIGHTS|STAI_FLAG_CONST|STAI_FLAG_PREALLOCATED",
      "format": "STAI_FORMAT_FLOAT",
      "id": 379,
      "intq": {},
      "is_param": true,
      "mpool_id": 1,
      "name": "conv2d_83_bias_array",
      "nbits": 32,
      "offset_start": 1739928,
      "qmn": {},
      "shape": [
        256
      ],
      "shape_map": [
        "CH"
      ],
      "size_bytes": 1024
    },
    {
      "alignment": 4,
      "batch": 0,
      "channel_first": false,
      "channel_last": true,
      "epochs": {
        "end": 58,
        "start": 54
      },
      "flags": "STAI_FLAG_PREALLOCATED|STAI_FLAG_ACTIVATIONS",
      "format": "STAI_FORMAT_FLOAT",
      "id": 294,
      "intq": {},
      "is_param": false,
      "mpool_id": 0,
      "name": "conv2d_83_output_array",
      "nbits": 32,
      "offset_start": 4608,
      "qmn": {},
      "shape": [
        4,
        4,
        256
      ],
      "shape_map": [
        "H",
        "W",
        "CH"
      ],
      "size_bytes": 16384
    },
    {
      "alignment": 4,
      "batch": 0,
      "channel_first": false,
      "channel_last": true,
      "epochs": {
        "end": 56,
        "start": 53
      },
      "flags": "STAI_FLAG_PREALLOCATED|STAI_FLAG_ACTIVATIONS|STAI_FLAG_SCRATCHS",
      "format": "STAI_FORMAT_FLOAT",
      "id": 440,
      "intq": {},
      "is_param": false,
      "mpool_id": 0,
      "name": "conv2d_83_scratch0_array",
      "nbits": 32,
      "offset_start": 0,
      "qmn": {},
      "shape": [
        3,
        3,
        128,
        1
      ],
      "shape_map": [
        "H",
        "W",
        "CH",
        "CH_IN"
      ],
      "size_bytes": 4608
    },
    {
      "alignment": 4,
      "batch": 0,
      "channel_first": true,
      "channel_last": false,
      "epochs": {
        "end": 1,
        "start": 0
      },
      "flags": "STAI_FLAG_WEIGHTS|STAI_FLAG_CONST|STAI_FLAG_PREALLOCATED",
      "format": "STAI_FORMAT_FLOAT",
      "id": 376,
      "intq": {},
      "is_param": true,
      "mpool_id": 1,
      "name": "conv2d_83_weights_array",
      "nbits": 32,
      "offset_start": 560280,
      "qmn": {},
      "shape": [
        256,
        3,
        3,
        128
      ],
      "shape_map": [
        "CH",
        "H",
        "W",
        "CH_IN"
      ],
      "size_bytes": 1179648
    },
    {
      "alignment": 4,
      "batch": 0,
      "channel_first": true,
      "channel_last": true,
      "epochs": {
        "end": 1,
        "start": 0
      },
      "flags": "STAI_FLAG_WEIGHTS|STAI_FLAG_CONST|STAI_FLAG_PREALLOCATED",
      "format": "STAI_FORMAT_FLOAT",
      "id": 392,
      "intq": {},
      "is_param": true,
      "mpool_id": 1,
      "name": "dense_23_dense_bias_array",
      "nbits": 32,
      "offset_start": 1808600,
      "qmn": {},
      "shape": [
        128
      ],
      "shape_map": [
        "CH"
      ],
      "size_bytes": 512
    },
    {
      "alignment": 4,
      "batch": 0,
      "channel_first": true,
      "channel_last": true,
      "epochs": {
        "end": 66,
        "start": 63
      },
      "flags": "STAI_FLAG_PREALLOCATED|STAI_FLAG_ACTIVATIONS",
      "format": "STAI_FORMAT_FLOAT",
      "id": 302,
      "intq": {},
      "is_param": false,
      "mpool_id": 0,
      "name": "dense_23_dense_output_array",
      "nbits": 32,
      "offset_start": 0,
      "qmn": {},
      "shape": [
        128
      ],
      "shape_map": [
        "CH"
      ],
      "size_bytes": 512
    },
    {
      "alignment": 4,
      "batch": 0,
      "channel_first": true,
      "channel_last": true,
      "epochs": {
        "end": 1,
        "start": 0
      },
      "flags": "STAI_FLAG_WEIGHTS|STAI_FLAG_CONST|STAI_FLAG_PREALLOCATED",
      "format": "STAI_FORMAT_LUT4_FLOAT",
      "id": 389,
      "intq": {},
      "is_param": true,
      "mpool_id": 1,
      "name": "dense_23_dense_weights_array",
      "nbits": 4,
      "offset_start": 1743000,
      "qmn": {},
      "shape": [
        128,
        1024
      ],
      "shape_map": [
        "CH",
        "CH_IN"
      ],
      "size_bytes": 65600
    },
    {
      "alignment": 4,
      "batch": 0,
      "channel_first": true,
      "channel_last": true,
      "epochs": {
        "end": 68,
        "start": 65
      },
      "flags": "STAI_FLAG_PREALLOCATED|STAI_FLAG_ACTIVATIONS",
      "format": "STAI_FORMAT_FLOAT",
      "id": 304,
      "intq": {},
      "is_param": false,
      "mpool_id": 0,
      "name": "dense_23_output_array",
      "nbits": 32,
      "offset_start": 512,
      "qmn": {},
      "shape": [
        128
      ],
      "shape_map": [
        "CH"
      ],
      "size_bytes": 512
    },
    {
      "alignment": 4,
      "batch": 0,
      "channel_first": true,
      "channel_last": true,
      "epochs": {
        "end": 1,
        "start": 0
      },
      "flags": "STAI_FLAG_WEIGHTS|STAI_FLAG_CONST|STAI_FLAG_PREALLOCATED",
      "format": "STAI_FORMAT_FLOAT",
      "id": 398,
      "intq": {},
      "is_param": true,
      "mpool_id": 1,
      "name": "dense_24_dense_bias_array",
      "nbits": 32,
      "offset_start": 1814232,
      "qmn": {},
      "shape": [
        10
      ],
      "shape_map": [
        "CH"
      ],
      "size_bytes": 40
    },
    {
      "alignment": 4,
      "batch": 0,
      "channel_first": true,
      "channel_last": true,
      "epochs": {
        "end": 70,
        "start": 67
      },
      "flags": "STAI_FLAG_PREALLOCATED|STAI_FLAG_ACTIVATIONS",
      "format": "STAI_FORMAT_FLOAT",
      "id": 306,
      "intq": {},
      "is_param": false,
      "mpool_id": 0,
      "name": "dense_24_dense_output_array",
      "nbits": 32,
      "offset_start": 0,
      "qmn": {},
      "shape": [
        10
      ],
      "shape_map": [
        "CH"
      ],
      "size_bytes": 40
    },
    {
      "alignment": 4,
      "batch": 0,
      "channel_first": true,
      "channel_last": true,
      "epochs": {
        "end": 1,
        "start": 0
      },
      "flags": "STAI_FLAG_WEIGHTS|STAI_FLAG_CONST|STAI_FLAG_PREALLOCATED",
      "format": "STAI_FORMAT_FLOAT",
      "id": 395,
      "intq": {},
      "is_param": true,
      "mpool_id": 1,
      "name": "dense_24_dense_weights_array",
      "nbits": 32,
      "offset_start": 1809112,
      "qmn": {},
      "shape": [
        10,
        128
      ],
      "shape_map": [
        "CH",
        "CH_IN"
      ],
      "size_bytes": 5120
    },
    {
      "alignment": 4,
      "batch": 0,
      "channel_first": true,
      "channel_last": true,
      "epochs": {
        "end": 71,
        "start": 69
      },
      "flags": "STAI_FLAG_OUTPUTS|STAI_FLAG_PREALLOCATED|STAI_FLAG_ACTIVATIONS",
      "format": "STAI_FORMAT_FLOAT",
      "id": 308,
      "intq": {},
      "is_param": false,
      "mpool_id": 0,
      "name": "dense_24_output_array",
      "nbits": 32,
      "offset_start": 40,
      "qmn": {},
      "shape": [
        10
      ],
      "shape_map": [
        "CH"
      ],
      "size_bytes": 40
    },
    {
      "alignment": 4,
      "batch": 0,
      "channel_first": false,
      "channel_last": true,
      "epochs": {
        "end": 4,
        "start": 2
      },
      "flags": "STAI_FLAG_INPUTS|STAI_FLAG_PREALLOCATED|STAI_FLAG_ACTIVATIONS",
      "format": "STAI_FORMAT_FLOAT",
      "id": 252,
      "intq": {},
      "is_param": false,
      "mpool_id": 0,
      "name": "input_0_output_array",
      "nbits": 32,
      "offset_start": 24684,
      "qmn": {},
      "shape": [
        32,
        32,
        3
      ],
      "shape_map": [
        "H",
        "W",
        "CH"
      ],
      "size_bytes": 12288
    },
    {
      "alignment": 4,
      "batch": 0,
      "channel_first": false,
      "channel_last": true,
      "epochs": {
        "end": 27,
        "start": 23
      },
      "flags": "STAI_FLAG_PREALLOCATED|STAI_FLAG_ACTIVATIONS",
      "format": "STAI_FORMAT_FLOAT",
      "id": 270,
      "intq": {},
      "is_param": false,
      "mpool_id": 0,
      "name": "max_pooling2d_57_output_array",
      "nbits": 32,
      "offset_start": 3820,
      "qmn": {},
      "shape": [
        16,
        16,
        32
      ],
      "shape_map": [
        "H",
        "W",
        "CH"
      ],
      "size_bytes": 32768
    },
    {
      "alignment": 4,
      "batch": 0,
      "channel_first": false,
      "channel_last": true,
      "epochs": {
        "end": 45,
        "start": 41
      },
      "flags": "STAI_FLAG_PREALLOCATED|STAI_FLAG_ACTIVATIONS",
      "format": "STAI_FORMAT_FLOAT",
      "id": 284,
      "intq": {},
      "is_param": false,
      "mpool_id": 0,
      "name": "max_pooling2d_58_output_array",
      "nbits": 32,
      "offset_start": 0,
      "qmn": {},
      "shape": [
        8,
        8,
        64
      ],
      "shape_map": [
        "H",
        "W",
        "CH"
      ],
      "size_bytes": 16384
    },
    {
      "alignment": 4,
      "batch": 0,
      "channel_first": false,
      "channel_last": true,
      "epochs": {
        "end": 55,
        "start": 51
      },
      "flags": "STAI_FLAG_PREALLOCATED|STAI_FLAG_ACTIVATIONS",
      "format": "STAI_FORMAT_FLOAT",
      "id": 292,
      "intq": {},
      "is_param": false,
      "mpool_id": 0,
      "name": "max_pooling2d_59_output_array",
      "nbits": 32,
      "offset_start": 32768,
      "qmn": {},
      "shape": [
        4,
        4,
        128
      ],
      "shape_map": [
        "H",
        "W",
        "CH"
      ],
      "size_bytes": 8192
    },
    {
      "alignment": 4,
      "batch": 0,
      "channel_first": false,
      "channel_last": true,
      "epochs": {
        "end": 64,
        "start": 61
      },
      "flags": "STAI_FLAG_PREALLOCATED|STAI_FLAG_ACTIVATIONS",
      "format": "STAI_FORMAT_FLOAT",
      "id": 300,
      "intq": {},
      "is_param": false,
      "mpool_id": 0,
      "name": "max_pooling2d_60_output_array",
      "nbits": 32,
      "offset_start": 16384,
      "qmn": {},
      "shape": [
        2,
        2,
        256
      ],
      "shape_map": [
        "H",
        "W",
        "CH"
      ],
      "size_bytes": 4096
    }
  ],
  "environment": {
    "generated_model": {
      "generated_time": "2025-09-22T20:40:38+0200",
      "model_files": [
        {
          "name": "mnist_data_params.h",
          "signature": "0x78eeb193e5a23849ac0a4e7fcc050ff4"
        },
        {
          "name": "mnist_data_params.c",
          "signature": "0x7486e07d115d30bd120f804a7bc614f1"
        },
        {
          "name": "mnist_data.h",
          "signature": "0xfb8584d332868c6b4e141c018109c494"
        },
        {
          "name": "mnist_data.c",
          "signature": "0xfbc3cea0390552b30ced5c927cfe8f64"
        },
        {
          "name": "mnist_config.h",
          "signature": "0xa297bb80c574a52f02f709a0014f79e2"
        },
        {
          "name": "mnist.h",
          "signature": "0xbbb28724f77c5793f5fce0d5e2b4cb47"
        },
        {
          "name": "mnist.c",
          "signature": "0xed901ebebb7b16f0db7634ccff51728d"
        }
      ],
      "name": "mnist"
    },
    "network_signature": "0x78f11ad0356b7199",
    "test_name": "",
    "tools": [
      {
        "arguments": "generate --target stm32l4 --name mnist -m C:/Users/hugoc/OneDrive/Documents/Hugo/ISMIN/Cours/S9/E_IA/Projet/Modeles/Model7/CIFAR10_32x2_64x2_128_256_d128.h5 --compression high --verbosity 1 --workspace C:/Users/hugoc/AppData/Local/Temp/mxAI_workspace713118307080013119863260840075222 --output C:/Users/hugoc/.stm32cubemx/mnist_output",
        "environment": [
          "STATS_TYPE=X-CUBE-AI"
        ],
        "input_model": {
          "model_files": [
            {
              "name": "CIFAR10_32x2_64x2_128_256_d128.h5",
              "signature": "0xf0eb79427d0625d9d8b10ae2b17d36f2"
            }
          ],
          "n_params": 568240,
          "name": "CIFAR10_32x2_64x2_128_256_d128",
          "size": 2272960,
          "type": "keras"
        },
        "name": "ST.EdgeAI.Core",
        "version": "2.2.0-20266 2adc00962"
      }
    ]
  },
  "graphs": [
    {
      "edges": [
        {
          "buffer": 254,
          "edge_kind": "EDGE_MEMORY",
          "end": {
            "node_id": 38,
            "port": 0
          },
          "id": 0,
          "name": "n37-p0_n38-p0",
          "start": {
            "node_id": 37,
            "port": 0
          }
        },
        {
          "buffer": 256,
          "edge_kind": "EDGE_MEMORY",
          "end": {
            "node_id": 39,
            "port": 0
          },
          "id": 1,
          "name": "n38-p0_n39-p0",
          "start": {
            "node_id": 38,
            "port": 0
          }
        },
        {
          "buffer": 258,
          "edge_kind": "EDGE_MEMORY",
          "end": {
            "node_id": 40,
            "port": 0
          },
          "id": 2,
          "name": "n39-p0_n40-p0",
          "start": {
            "node_id": 39,
            "port": 0
          }
        },
        {
          "buffer": 260,
          "edge_kind": "EDGE_MEMORY",
          "end": {
            "node_id": 41,
            "port": 0
          },
          "id": 3,
          "name": "n40-p0_n41-p0",
          "start": {
            "node_id": 40,
            "port": 0
          }
        },
        {
          "buffer": 262,
          "edge_kind": "EDGE_MEMORY",
          "end": {
            "node_id": 42,
            "port": 0
          },
          "id": 4,
          "name": "n41-p0_n42-p0",
          "start": {
            "node_id": 41,
            "port": 0
          }
        },
        {
          "buffer": 264,
          "edge_kind": "EDGE_MEMORY",
          "end": {
            "node_id": 43,
            "port": 0
          },
          "id": 5,
          "name": "n42-p0_n43-p0",
          "start": {
            "node_id": 42,
            "port": 0
          }
        },
        {
          "buffer": 266,
          "edge_kind": "EDGE_MEMORY",
          "end": {
            "node_id": 44,
            "port": 0
          },
          "id": 6,
          "name": "n43-p0_n44-p0",
          "start": {
            "node_id": 43,
            "port": 0
          }
        },
        {
          "buffer": 268,
          "edge_kind": "EDGE_MEMORY",
          "end": {
            "node_id": 45,
            "port": 0
          },
          "id": 7,
          "name": "n44-p0_n45-p0",
          "start": {
            "node_id": 44,
            "port": 0
          }
        },
        {
          "buffer": 270,
          "edge_kind": "EDGE_MEMORY",
          "end": {
            "node_id": 46,
            "port": 0
          },
          "id": 8,
          "name": "n45-p0_n46-p0",
          "start": {
            "node_id": 45,
            "port": 0
          }
        },
        {
          "buffer": 272,
          "edge_kind": "EDGE_MEMORY",
          "end": {
            "node_id": 47,
            "port": 0
          },
          "id": 9,
          "name": "n46-p0_n47-p0",
          "start": {
            "node_id": 46,
            "port": 0
          }
        },
        {
          "buffer": 274,
          "edge_kind": "EDGE_MEMORY",
          "end": {
            "node_id": 48,
            "port": 0
          },
          "id": 10,
          "name": "n47-p0_n48-p0",
          "start": {
            "node_id": 47,
            "port": 0
          }
        },
        {
          "buffer": 276,
          "edge_kind": "EDGE_MEMORY",
          "end": {
            "node_id": 49,
            "port": 0
          },
          "id": 11,
          "name": "n48-p0_n49-p0",
          "start": {
            "node_id": 48,
            "port": 0
          }
        },
        {
          "buffer": 278,
          "edge_kind": "EDGE_MEMORY",
          "end": {
            "node_id": 50,
            "port": 0
          },
          "id": 12,
          "name": "n49-p0_n50-p0",
          "start": {
            "node_id": 49,
            "port": 0
          }
        },
        {
          "buffer": 280,
          "edge_kind": "EDGE_MEMORY",
          "end": {
            "node_id": 51,
            "port": 0
          },
          "id": 13,
          "name": "n50-p0_n51-p0",
          "start": {
            "node_id": 50,
            "port": 0
          }
        },
        {
          "buffer": 282,
          "edge_kind": "EDGE_MEMORY",
          "end": {
            "node_id": 52,
            "port": 0
          },
          "id": 14,
          "name": "n51-p0_n52-p0",
          "start": {
            "node_id": 51,
            "port": 0
          }
        },
        {
          "buffer": 284,
          "edge_kind": "EDGE_MEMORY",
          "end": {
            "node_id": 53,
            "port": 0
          },
          "id": 15,
          "name": "n52-p0_n53-p0",
          "start": {
            "node_id": 52,
            "port": 0
          }
        },
        {
          "buffer": 286,
          "edge_kind": "EDGE_MEMORY",
          "end": {
            "node_id": 54,
            "port": 0
          },
          "id": 16,
          "name": "n53-p0_n54-p0",
          "start": {
            "node_id": 53,
            "port": 0
          }
        },
        {
          "buffer": 288,
          "edge_kind": "EDGE_MEMORY",
          "end": {
            "node_id": 55,
            "port": 0
          },
          "id": 17,
          "name": "n54-p0_n55-p0",
          "start": {
            "node_id": 54,
            "port": 0
          }
        },
        {
          "buffer": 290,
          "edge_kind": "EDGE_MEMORY",
          "end": {
            "node_id": 56,
            "port": 0
          },
          "id": 18,
          "name": "n55-p0_n56-p0",
          "start": {
            "node_id": 55,
            "port": 0
          }
        },
        {
          "buffer": 292,
          "edge_kind": "EDGE_MEMORY",
          "end": {
            "node_id": 57,
            "port": 0
          },
          "id": 19,
          "name": "n56-p0_n57-p0",
          "start": {
            "node_id": 56,
            "port": 0
          }
        },
        {
          "buffer": 294,
          "edge_kind": "EDGE_MEMORY",
          "end": {
            "node_id": 58,
            "port": 0
          },
          "id": 20,
          "name": "n57-p0_n58-p0",
          "start": {
            "node_id": 57,
            "port": 0
          }
        },
        {
          "buffer": 296,
          "edge_kind": "EDGE_MEMORY",
          "end": {
            "node_id": 59,
            "port": 0
          },
          "id": 21,
          "name": "n58-p0_n59-p0",
          "start": {
            "node_id": 58,
            "port": 0
          }
        },
        {
          "buffer": 298,
          "edge_kind": "EDGE_MEMORY",
          "end": {
            "node_id": 60,
            "port": 0
          },
          "id": 22,
          "name": "n59-p0_n60-p0",
          "start": {
            "node_id": 59,
            "port": 0
          }
        },
        {
          "buffer": 300,
          "edge_kind": "EDGE_MEMORY",
          "end": {
            "node_id": 61,
            "port": 0
          },
          "id": 23,
          "name": "n60-p0_n61-p0",
          "start": {
            "node_id": 60,
            "port": 0
          }
        },
        {
          "buffer": 302,
          "edge_kind": "EDGE_MEMORY",
          "end": {
            "node_id": 62,
            "port": 0
          },
          "id": 24,
          "name": "n61-p0_n62-p0",
          "start": {
            "node_id": 61,
            "port": 0
          }
        },
        {
          "buffer": 304,
          "edge_kind": "EDGE_MEMORY",
          "end": {
            "node_id": 63,
            "port": 0
          },
          "id": 25,
          "name": "n62-p0_n63-p0",
          "start": {
            "node_id": 62,
            "port": 0
          }
        },
        {
          "buffer": 306,
          "edge_kind": "EDGE_MEMORY",
          "end": {
            "node_id": 64,
            "port": 0
          },
          "id": 26,
          "name": "n63-p0_n64-p0",
          "start": {
            "node_id": 63,
            "port": 0
          }
        }
      ],
      "id": 0,
      "inputs": [
        252
      ],
      "name": "CIFAR10_32x2_64x2_128_256_d128",
      "nodes": [
        {
          "attributes": {
            "nonlinearity": "relu"
          },
          "description": "Nonlinearity",
          "id": 37,
          "inputs": [
            252
          ],
          "macc": 3072,
          "mapping": "NODE_SW",
          "name": "activation_86",
          "original_nodes": [
            "0"
          ],
          "outputs": [
            254
          ],
          "scratchs": [],
          "subgraph_nodes": [],
          "sw_functions": [
            "forward_relu"
          ]
        },
        {
          "attributes": {
            "dl_axis": "-1",
            "ir_axis": "CH",
            "use_bias": "True"
          },
          "description": "ScaleBias",
          "id": 38,
          "inputs": [
            254,
            310,
            313
          ],
          "macc": 6144,
          "mapping": "NODE_SW",
          "name": "batch_normalization_96",
          "original_nodes": [
            "1"
          ],
          "outputs": [
            256
          ],
          "scratchs": [],
          "subgraph_nodes": [],
          "sw_functions": [
            "forward_bn"
          ]
        },
        {
          "attributes": {
            "dilation": "{H: 1, W: 1}",
            "filter_size": "(3, 3)",
            "groups": "1",
            "is_depthwise": "False",
            "is_grouped_conv": "False",
            "num_filters": "32",
            "pad": "{H: (1, 1), W: (1, 1)}",
            "pad_strategy": "same",
            "pad_value": "0",
            "stride": "(1, 1)",
            "use_bias": "True",
            "weights_prefetch": "True"
          },
          "description": "Conv2D",
          "id": 39,
          "inputs": [
            256,
            316,
            319
          ],
          "macc": 884768,
          "mapping": "NODE_SW",
          "name": "conv2d_78",
          "original_nodes": [
            "2"
          ],
          "outputs": [
            258
          ],
          "scratchs": [
            405
          ],
          "subgraph_nodes": [],
          "sw_functions": [
            "forward_conv2d_if32of32wf32"
          ]
        },
        {
          "attributes": {
            "nonlinearity": "relu"
          },
          "description": "Nonlinearity",
          "id": 40,
          "inputs": [
            258
          ],
          "macc": 32768,
          "mapping": "NODE_SW",
          "name": "activation_87",
          "original_nodes": [
            "3"
          ],
          "outputs": [
            260
          ],
          "scratchs": [],
          "subgraph_nodes": [],
          "sw_functions": [
            "forward_relu"
          ]
        },
        {
          "attributes": {
            "dl_axis": "-1",
            "ir_axis": "CH",
            "use_bias": "True"
          },
          "description": "ScaleBias",
          "id": 41,
          "inputs": [
            260,
            322,
            325
          ],
          "macc": 65536,
          "mapping": "NODE_SW",
          "name": "batch_normalization_97",
          "original_nodes": [
            "4"
          ],
          "outputs": [
            262
          ],
          "scratchs": [],
          "subgraph_nodes": [],
          "sw_functions": [
            "forward_bn"
          ]
        },
        {
          "attributes": {
            "dilation": "{H: 1, W: 1}",
            "filter_size": "(3, 3)",
            "groups": "1",
            "is_depthwise": "False",
            "is_grouped_conv": "False",
            "num_filters": "32",
            "pad": "{H: (1, 1), W: (1, 1)}",
            "pad_strategy": "same",
            "pad_value": "0",
            "stride": "(1, 1)",
            "use_bias": "True",
            "weights_prefetch": "True"
          },
          "description": "Conv2D",
          "id": 42,
          "inputs": [
            262,
            328,
            331
          ],
          "macc": 9437216,
          "mapping": "NODE_SW",
          "name": "conv2d_79",
          "original_nodes": [
            "6"
          ],
          "outputs": [
            264
          ],
          "scratchs": [
            412
          ],
          "subgraph_nodes": [],
          "sw_functions": [
            "forward_conv2d_if32of32wf32"
          ]
        },
        {
          "attributes": {
            "nonlinearity": "relu"
          },
          "description": "Nonlinearity",
          "id": 43,
          "inputs": [
            264
          ],
          "macc": 32768,
          "mapping": "NODE_SW",
          "name": "activation_88",
          "original_nodes": [
            "7"
          ],
          "outputs": [
            266
          ],
          "scratchs": [],
          "subgraph_nodes": [],
          "sw_functions": [
            "forward_relu"
          ]
        },
        {
          "attributes": {
            "dl_axis": "-1",
            "ir_axis": "CH",
            "use_bias": "True"
          },
          "description": "ScaleBias",
          "id": 44,
          "inputs": [
            266,
            334,
            337
          ],
          "macc": 65536,
          "mapping": "NODE_SW",
          "name": "batch_normalization_98",
          "original_nodes": [
            "8"
          ],
          "outputs": [
            268
          ],
          "scratchs": [],
          "subgraph_nodes": [],
          "sw_functions": [
            "forward_bn"
          ]
        },
        {
          "attributes": {
            "ceil_mode": "floor",
            "pool_function": "max",
            "pool_pad": "{H: (0, 0), W: (0, 0)}",
            "pool_size": "(2, 2)",
            "pool_stride": "(2, 2)"
          },
          "description": "Pool",
          "id": 45,
          "inputs": [
            268
          ],
          "macc": 32768,
          "mapping": "NODE_SW",
          "name": "max_pooling2d_57",
          "original_nodes": [
            "9"
          ],
          "outputs": [
            270
          ],
          "scratchs": [],
          "subgraph_nodes": [],
          "sw_functions": [
            "forward_mp"
          ]
        },
        {
          "attributes": {
            "dilation": "{H: 1, W: 1}",
            "filter_size": "(3, 3)",
            "groups": "1",
            "is_depthwise": "False",
            "is_grouped_conv": "False",
            "num_filters": "64",
            "pad": "{H: (1, 1), W: (1, 1)}",
            "pad_strategy": "same",
            "pad_value": "0",
            "stride": "(1, 1)",
            "use_bias": "True",
            "weights_prefetch": "True"
          },
          "description": "Conv2D",
          "id": 46,
          "inputs": [
            270,
            340,
            343
          ],
          "macc": 4718656,
          "mapping": "NODE_SW",
          "name": "conv2d_80",
          "original_nodes": [
            "11"
          ],
          "outputs": [
            272
          ],
          "scratchs": [
            419
          ],
          "subgraph_nodes": [],
          "sw_functions": [
            "forward_conv2d_if32of32wf32"
          ]
        },
        {
          "attributes": {
            "nonlinearity": "relu"
          },
          "description": "Nonlinearity",
          "id": 47,
          "inputs": [
            272
          ],
          "macc": 16384,
          "mapping": "NODE_SW",
          "name": "activation_89",
          "original_nodes": [
            "12"
          ],
          "outputs": [
            274
          ],
          "scratchs": [],
          "subgraph_nodes": [],
          "sw_functions": [
            "forward_relu"
          ]
        },
        {
          "attributes": {
            "dl_axis": "-1",
            "ir_axis": "CH",
            "use_bias": "True"
          },
          "description": "ScaleBias",
          "id": 48,
          "inputs": [
            274,
            346,
            349
          ],
          "macc": 32768,
          "mapping": "NODE_SW",
          "name": "batch_normalization_99",
          "original_nodes": [
            "13"
          ],
          "outputs": [
            276
          ],
          "scratchs": [],
          "subgraph_nodes": [],
          "sw_functions": [
            "forward_bn"
          ]
        },
        {
          "attributes": {
            "dilation": "{H: 1, W: 1}",
            "filter_size": "(3, 3)",
            "groups": "1",
            "is_depthwise": "False",
            "is_grouped_conv": "False",
            "num_filters": "64",
            "pad": "{H: (1, 1), W: (1, 1)}",
            "pad_strategy": "same",
            "pad_value": "0",
            "stride": "(1, 1)",
            "use_bias": "True",
            "weights_prefetch": "True"
          },
          "description": "Conv2D",
          "id": 49,
          "inputs": [
            276,
            352,
            355
          ],
          "macc": 9437248,
          "mapping": "NODE_SW",
          "name": "conv2d_81",
          "original_nodes": [
            "14"
          ],
          "outputs": [
            278
          ],
          "scratchs": [
            426
          ],
          "subgraph_nodes": [],
          "sw_functions": [
            "forward_conv2d_if32of32wf32"
          ]
        },
        {
          "attributes": {
            "nonlinearity": "relu"
          },
          "description": "Nonlinearity",
          "id": 50,
          "inputs": [
            278
          ],
          "macc": 16384,
          "mapping": "NODE_SW",
          "name": "activation_90",
          "original_nodes": [
            "15"
          ],
          "outputs": [
            280
          ],
          "scratchs": [],
          "subgraph_nodes": [],
          "sw_functions": [
            "forward_relu"
          ]
        },
        {
          "attributes": {
            "dl_axis": "-1",
            "ir_axis": "CH",
            "use_bias": "True"
          },
          "description": "ScaleBias",
          "id": 51,
          "inputs": [
            280,
            358,
            361
          ],
          "macc": 32768,
          "mapping": "NODE_SW",
          "name": "batch_normalization_100",
          "original_nodes": [
            "16"
          ],
          "outputs": [
            282
          ],
          "scratchs": [],
          "subgraph_nodes": [],
          "sw_functions": [
            "forward_bn"
          ]
        },
        {
          "attributes": {
            "ceil_mode": "floor",
            "pool_function": "max",
            "pool_pad": "{H: (0, 0), W: (0, 0)}",
            "pool_size": "(2, 2)",
            "pool_stride": "(2, 2)"
          },
          "description": "Pool",
          "id": 52,
          "inputs": [
            282
          ],
          "macc": 16384,
          "mapping": "NODE_SW",
          "name": "max_pooling2d_58",
          "original_nodes": [
            "17"
          ],
          "outputs": [
            284
          ],
          "scratchs": [],
          "subgraph_nodes": [],
          "sw_functions": [
            "forward_mp"
          ]
        },
        {
          "attributes": {
            "dilation": "{H: 1, W: 1}",
            "filter_size": "(3, 3)",
            "groups": "1",
            "is_depthwise": "False",
            "is_grouped_conv": "False",
            "num_filters": "128",
            "pad": "{H: (1, 1), W: (1, 1)}",
            "pad_strategy": "same",
            "pad_value": "0",
            "stride": "(1, 1)",
            "use_bias": "True",
            "weights_prefetch": "True"
          },
          "description": "Conv2D",
          "id": 53,
          "inputs": [
            284,
            364,
            367
          ],
          "macc": 4718720,
          "mapping": "NODE_SW",
          "name": "conv2d_82",
          "original_nodes": [
            "19"
          ],
          "outputs": [
            286
          ],
          "scratchs": [
            433
          ],
          "subgraph_nodes": [],
          "sw_functions": [
            "forward_conv2d_if32of32wf32"
          ]
        },
        {
          "attributes": {
            "nonlinearity": "relu"
          },
          "description": "Nonlinearity",
          "id": 54,
          "inputs": [
            286
          ],
          "macc": 8192,
          "mapping": "NODE_SW",
          "name": "activation_91",
          "original_nodes": [
            "20"
          ],
          "outputs": [
            288
          ],
          "scratchs": [],
          "subgraph_nodes": [],
          "sw_functions": [
            "forward_relu"
          ]
        },
        {
          "attributes": {
            "dl_axis": "-1",
            "ir_axis": "CH",
            "use_bias": "True"
          },
          "description": "ScaleBias",
          "id": 55,
          "inputs": [
            288,
            370,
            373
          ],
          "macc": 16384,
          "mapping": "NODE_SW",
          "name": "batch_normalization_101",
          "original_nodes": [
            "21"
          ],
          "outputs": [
            290
          ],
          "scratchs": [],
          "subgraph_nodes": [],
          "sw_functions": [
            "forward_bn"
          ]
        },
        {
          "attributes": {
            "ceil_mode": "floor",
            "pool_function": "max",
            "pool_pad": "{H: (0, 0), W: (0, 0)}",
            "pool_size": "(2, 2)",
            "pool_stride": "(2, 2)"
          },
          "description": "Pool",
          "id": 56,
          "inputs": [
            290
          ],
          "macc": 8192,
          "mapping": "NODE_SW",
          "name": "max_pooling2d_59",
          "original_nodes": [
            "22"
          ],
          "outputs": [
            292
          ],
          "scratchs": [],
          "subgraph_nodes": [],
          "sw_functions": [
            "forward_mp"
          ]
        },
        {
          "attributes": {
            "dilation": "{H: 1, W: 1}",
            "filter_size": "(3, 3)",
            "groups": "1",
            "is_depthwise": "False",
            "is_grouped_conv": "False",
            "num_filters": "256",
            "pad": "{H: (1, 1), W: (1, 1)}",
            "pad_strategy": "same",
            "pad_value": "0",
            "stride": "(1, 1)",
            "use_bias": "True",
            "weights_prefetch": "True"
          },
          "description": "Conv2D",
          "id": 57,
          "inputs": [
            292,
            376,
            379
          ],
          "macc": 4718848,
          "mapping": "NODE_SW",
          "name": "conv2d_83",
          "original_nodes": [
            "24"
          ],
          "outputs": [
            294
          ],
          "scratchs": [
            440
          ],
          "subgraph_nodes": [],
          "sw_functions": [
            "forward_conv2d_if32of32wf32"
          ]
        },
        {
          "attributes": {
            "nonlinearity": "relu"
          },
          "description": "Nonlinearity",
          "id": 58,
          "inputs": [
            294
          ],
          "macc": 4096,
          "mapping": "NODE_SW",
          "name": "activation_92",
          "original_nodes": [
            "25"
          ],
          "outputs": [
            296
          ],
          "scratchs": [],
          "subgraph_nodes": [],
          "sw_functions": [
            "forward_relu"
          ]
        },
        {
          "attributes": {
            "dl_axis": "-1",
            "ir_axis": "CH",
            "use_bias": "True"
          },
          "description": "ScaleBias",
          "id": 59,
          "inputs": [
            296,
            382,
            385
          ],
          "macc": 8192,
          "mapping": "NODE_SW",
          "name": "batch_normalization_102",
          "original_nodes": [
            "26"
          ],
          "outputs": [
            298
          ],
          "scratchs": [],
          "subgraph_nodes": [],
          "sw_functions": [
            "forward_bn"
          ]
        },
        {
          "attributes": {
            "ceil_mode": "floor",
            "pool_function": "max",
            "pool_pad": "{H: (0, 0), W: (0, 0)}",
            "pool_size": "(2, 2)",
            "pool_stride": "(2, 2)"
          },
          "description": "Pool",
          "id": 60,
          "inputs": [
            298
          ],
          "macc": 4096,
          "mapping": "NODE_SW",
          "name": "max_pooling2d_60",
          "original_nodes": [
            "27"
          ],
          "outputs": [
            300
          ],
          "scratchs": [],
          "subgraph_nodes": [],
          "sw_functions": [
            "forward_mp"
          ]
        },
        {
          "attributes": {
            "compressed": "True",
            "num_units": "128",
            "use_bias": "True"
          },
          "description": "Dense",
          "id": 61,
          "inputs": [
            300,
            389,
            392
          ],
          "macc": 131200,
          "mapping": "NODE_SW",
          "name": "dense_23_dense",
          "original_nodes": [
            "30"
          ],
          "outputs": [
            302
          ],
          "scratchs": [],
          "subgraph_nodes": [],
          "sw_functions": [
            "forward_dense"
          ]
        },
        {
          "attributes": {
            "nonlinearity": "relu"
          },
          "description": "Nonlinearity",
          "id": 62,
          "inputs": [
            302
          ],
          "macc": 128,
          "mapping": "NODE_SW",
          "name": "dense_23",
          "original_nodes": [
            "30"
          ],
          "outputs": [
            304
          ],
          "scratchs": [],
          "subgraph_nodes": [],
          "sw_functions": [
            "forward_relu"
          ]
        },
        {
          "attributes": {
            "num_units": "10",
            "use_bias": "True"
          },
          "description": "Dense",
          "id": 63,
          "inputs": [
            304,
            395,
            398
          ],
          "macc": 1290,
          "mapping": "NODE_SW",
          "name": "dense_24_dense",
          "original_nodes": [
            "32"
          ],
          "outputs": [
            306
          ],
          "scratchs": [],
          "subgraph_nodes": [],
          "sw_functions": [
            "forward_dense"
          ]
        },
        {
          "attributes": {
            "axis": "CH",
            "nonlinearity": "softmax",
            "orig_axis": "-1"
          },
          "description": "Nonlinearity",
          "id": 64,
          "inputs": [
            306
          ],
          "macc": 150,
          "mapping": "NODE_SW",
          "name": "dense_24",
          "original_nodes": [
            "32"
          ],
          "outputs": [
            308
          ],
          "scratchs": [],
          "subgraph_nodes": [],
          "sw_functions": [
            "forward_sm"
          ]
        }
      ],
      "original_inputs": [
        {
          "c_shape_map": [],
          "data_format": {
            "quantizer": "NONE",
            "scale": [],
            "size": 32,
            "type": "FLOAT",
            "zero": []
          },
          "name": "input_0",
          "shape": [
            null,
            32,
            32,
            3
          ],
          "shape_map": [
            "BATCH",
            "H",
            "W",
            "CH"
          ]
        }
      ],
      "original_outputs": [
        {
          "c_shape_map": [],
          "data_format": {
            "quantizer": "NONE",
            "scale": [],
            "size": 32,
            "type": "FLOAT",
            "zero": []
          },
          "name": "dense_24",
          "shape": [
            null,
            10
          ],
          "shape_map": [
            "BATCH",
            "CH"
          ]
        }
      ],
      "outputs": [
        308
      ]
    }
  ],
  "json_schema_version": "2.0",
  "memory_footprint": {
    "activations": 143468,
    "io": [
      0,
      0
    ],
    "kernel_flash": 20478,
    "kernel_ram": 8656,
    "series": "stm32l4",
    "toolchain": "arm-none-eabi-gcc (GNU Tools for STM32 13.3.rel1.20240926-1715) 13.3.1 20240614",
    "toolchain_flash": 638,
    "toolchain_ram": 0,
    "weights": 1814272
  },
  "memory_pools": [
    {
      "address": "NULL",
      "alignment": 4,
      "attributes": {
        "latency": "HIGH",
        "score": 768,
        "throughput": "LOW"
      },
      "buffers": [
        252,
        254,
        256,
        258,
        260,
        262,
        264,
        266,
        268,
        270,
        272,
        274,
        276,
        278,
        280,
        282,
        284,
        286,
        288,
        290,
        292,
        294,
        296,
        298,
        300,
        302,
        304,
        306,
        308,
        405,
        412,
        419,
        426,
        433,
        440
      ],
      "id": 0,
      "name": "heap_overlay_pool",
      "offset_start": 0,
      "persistent": false,
      "rights": "ACC_WRITE",
      "size_bytes": -1,
      "subpools": [],
      "used_size_bytes": 143468,
      "user_allocated": false,
      "virtual": false
    },
    {
      "address": "s_mnist_weights_array_u64",
      "alignment": 0,
      "attributes": {
        "latency": "UNDEF",
        "score": 0,
        "throughput": "UNDEF"
      },
      "buffers": [
        310,
        313,
        316,
        319,
        322,
        325,
        328,
        331,
        334,
        337,
        340,
        343,
        346,
        349,
        352,
        355,
        358,
        361,
        364,
        367,
        370,
        373,
        376,
        379,
        382,
        385,
        389,
        392,
        395,
        398
      ],
      "id": 1,
      "name": "weights_array",
      "offset_start": 0,
      "persistent": true,
      "rights": "ACC_READ",
      "size_bytes": -1,
      "subpools": [],
      "used_size_bytes": 1814272,
      "user_allocated": false,
      "virtual": false
    }
  ]
}