{
  "buffers": [
    {
      "alignment": 4,
      "batch": 0,
      "channel_first": false,
      "channel_last": true,
      "epochs": {
        "end": 14,
        "start": 11
      },
      "flags": "STAI_FLAG_PREALLOCATED|STAI_FLAG_ACTIVATIONS",
      "format": "STAI_FORMAT_FLOAT",
      "id": 154,
      "intq": {},
      "is_param": false,
      "mpool_id": 0,
      "name": "activation_1_output_array",
      "nbits": 32,
      "offset_start": 0,
      "qmn": {},
      "shape": [
        32,
        32,
        32
      ],
      "shape_map": [
        "H",
        "W",
        "CH"
      ],
      "size_bytes": 131072
    },
    {
      "alignment": 4,
      "batch": 0,
      "channel_first": false,
      "channel_last": true,
      "epochs": {
        "end": 24,
        "start": 21
      },
      "flags": "STAI_FLAG_PREALLOCATED|STAI_FLAG_ACTIVATIONS",
      "format": "STAI_FORMAT_FLOAT",
      "id": 162,
      "intq": {},
      "is_param": false,
      "mpool_id": 0,
      "name": "activation_2_output_array",
      "nbits": 32,
      "offset_start": 33920,
      "qmn": {},
      "shape": [
        16,
        16,
        64
      ],
      "shape_map": [
        "H",
        "W",
        "CH"
      ],
      "size_bytes": 65536
    },
    {
      "alignment": 4,
      "batch": 0,
      "channel_first": false,
      "channel_last": true,
      "epochs": {
        "end": 32,
        "start": 29
      },
      "flags": "STAI_FLAG_PREALLOCATED|STAI_FLAG_ACTIVATIONS",
      "format": "STAI_FORMAT_FLOAT",
      "id": 168,
      "intq": {},
      "is_param": false,
      "mpool_id": 0,
      "name": "activation_3_output_array",
      "nbits": 32,
      "offset_start": 0,
      "qmn": {},
      "shape": [
        16,
        16,
        32
      ],
      "shape_map": [
        "H",
        "W",
        "CH"
      ],
      "size_bytes": 32768
    },
    {
      "alignment": 4,
      "batch": 0,
      "channel_first": false,
      "channel_last": true,
      "epochs": {
        "end": 6,
        "start": 3
      },
      "flags": "STAI_FLAG_PREALLOCATED|STAI_FLAG_ACTIVATIONS",
      "format": "STAI_FORMAT_FLOAT",
      "id": 148,
      "intq": {},
      "is_param": false,
      "mpool_id": 0,
      "name": "activation_output_array",
      "nbits": 32,
      "offset_start": 131072,
      "qmn": {},
      "shape": [
        32,
        32,
        3
      ],
      "shape_map": [
        "H",
        "W",
        "CH"
      ],
      "size_bytes": 12288
    },
    {
      "alignment": 4,
      "batch": 0,
      "channel_first": true,
      "channel_last": true,
      "epochs": {
        "end": 1,
        "start": 0
      },
      "flags": "STAI_FLAG_WEIGHTS|STAI_FLAG_CONST|STAI_FLAG_PREALLOCATED",
      "format": "STAI_FORMAT_FLOAT",
      "id": 193,
      "intq": {},
      "is_param": true,
      "mpool_id": 1,
      "name": "batch_normalization_1_bias_array",
      "nbits": 32,
      "offset_start": 3736,
      "qmn": {},
      "shape": [
        32
      ],
      "shape_map": [
        "CH"
      ],
      "size_bytes": 128
    },
    {
      "alignment": 4,
      "batch": 0,
      "channel_first": false,
      "channel_last": true,
      "epochs": {
        "end": 16,
        "start": 13
      },
      "flags": "STAI_FLAG_PREALLOCATED|STAI_FLAG_ACTIVATIONS",
      "format": "STAI_FORMAT_FLOAT",
      "id": 156,
      "intq": {},
      "is_param": false,
      "mpool_id": 0,
      "name": "batch_normalization_1_output_array",
      "nbits": 32,
      "offset_start": 0,
      "qmn": {},
      "shape": [
        32,
        32,
        32
      ],
      "shape_map": [
        "H",
        "W",
        "CH"
      ],
      "size_bytes": 131072
    },
    {
      "alignment": 4,
      "batch": 0,
      "channel_first": true,
      "channel_last": true,
      "epochs": {
        "end": 1,
        "start": 0
      },
      "flags": "STAI_FLAG_WEIGHTS|STAI_FLAG_CONST|STAI_FLAG_PREALLOCATED",
      "format": "STAI_FORMAT_FLOAT",
      "id": 190,
      "intq": {},
      "is_param": true,
      "mpool_id": 1,
      "name": "batch_normalization_1_scale_array",
      "nbits": 32,
      "offset_start": 3608,
      "qmn": {},
      "shape": [
        32
      ],
      "shape_map": [
        "CH"
      ],
      "size_bytes": 128
    },
    {
      "alignment": 4,
      "batch": 0,
      "channel_first": true,
      "channel_last": true,
      "epochs": {
        "end": 1,
        "start": 0
      },
      "flags": "STAI_FLAG_WEIGHTS|STAI_FLAG_CONST|STAI_FLAG_PREALLOCATED",
      "format": "STAI_FORMAT_FLOAT",
      "id": 205,
      "intq": {},
      "is_param": true,
      "mpool_id": 1,
      "name": "batch_normalization_2_bias_array",
      "nbits": 32,
      "offset_start": 78104,
      "qmn": {},
      "shape": [
        64
      ],
      "shape_map": [
        "CH"
      ],
      "size_bytes": 256
    },
    {
      "alignment": 4,
      "batch": 0,
      "channel_first": false,
      "channel_last": true,
      "epochs": {
        "end": 27,
        "start": 23
      },
      "flags": "STAI_FLAG_PREALLOCATED|STAI_FLAG_ACTIVATIONS",
      "format": "STAI_FORMAT_FLOAT",
      "id": 164,
      "intq": {},
      "is_param": false,
      "mpool_id": 0,
      "name": "batch_normalization_2_output_array",
      "nbits": 32,
      "offset_start": 33920,
      "qmn": {},
      "shape": [
        16,
        16,
        64
      ],
      "shape_map": [
        "H",
        "W",
        "CH"
      ],
      "size_bytes": 65536
    },
    {
      "alignment": 4,
      "batch": 0,
      "channel_first": true,
      "channel_last": true,
      "epochs": {
        "end": 1,
        "start": 0
      },
      "flags": "STAI_FLAG_WEIGHTS|STAI_FLAG_CONST|STAI_FLAG_PREALLOCATED",
      "format": "STAI_FORMAT_FLOAT",
      "id": 202,
      "intq": {},
      "is_param": true,
      "mpool_id": 1,
      "name": "batch_normalization_2_scale_array",
      "nbits": 32,
      "offset_start": 77848,
      "qmn": {},
      "shape": [
        64
      ],
      "shape_map": [
        "CH"
      ],
      "size_bytes": 256
    },
    {
      "alignment": 4,
      "batch": 0,
      "channel_first": true,
      "channel_last": true,
      "epochs": {
        "end": 1,
        "start": 0
      },
      "flags": "STAI_FLAG_WEIGHTS|STAI_FLAG_CONST|STAI_FLAG_PREALLOCATED",
      "format": "STAI_FORMAT_FLOAT",
      "id": 217,
      "intq": {},
      "is_param": true,
      "mpool_id": 1,
      "name": "batch_normalization_3_bias_array",
      "nbits": 32,
      "offset_start": 152344,
      "qmn": {},
      "shape": [
        32
      ],
      "shape_map": [
        "CH"
      ],
      "size_bytes": 128
    },
    {
      "alignment": 4,
      "batch": 0,
      "channel_first": false,
      "channel_last": true,
      "epochs": {
        "end": 34,
        "start": 31
      },
      "flags": "STAI_FLAG_PREALLOCATED|STAI_FLAG_ACTIVATIONS",
      "format": "STAI_FORMAT_FLOAT",
      "id": 170,
      "intq": {},
      "is_param": false,
      "mpool_id": 0,
      "name": "batch_normalization_3_output_array",
      "nbits": 32,
      "offset_start": 32768,
      "qmn": {},
      "shape": [
        16,
        16,
        32
      ],
      "shape_map": [
        "H",
        "W",
        "CH"
      ],
      "size_bytes": 32768
    },
    {
      "alignment": 4,
      "batch": 0,
      "channel_first": true,
      "channel_last": true,
      "epochs": {
        "end": 1,
        "start": 0
      },
      "flags": "STAI_FLAG_WEIGHTS|STAI_FLAG_CONST|STAI_FLAG_PREALLOCATED",
      "format": "STAI_FORMAT_FLOAT",
      "id": 214,
      "intq": {},
      "is_param": true,
      "mpool_id": 1,
      "name": "batch_normalization_3_scale_array",
      "nbits": 32,
      "offset_start": 152216,
      "qmn": {},
      "shape": [
        32
      ],
      "shape_map": [
        "CH"
      ],
      "size_bytes": 128
    },
    {
      "alignment": 4,
      "batch": 0,
      "channel_first": true,
      "channel_last": true,
      "epochs": {
        "end": 1,
        "start": 0
      },
      "flags": "STAI_FLAG_WEIGHTS|STAI_FLAG_CONST|STAI_FLAG_PREALLOCATED",
      "format": "STAI_FORMAT_FLOAT",
      "id": 181,
      "intq": {},
      "is_param": true,
      "mpool_id": 1,
      "name": "batch_normalization_bias_array",
      "nbits": 32,
      "offset_start": 12,
      "qmn": {},
      "shape": [
        3
      ],
      "shape_map": [
        "CH"
      ],
      "size_bytes": 12
    },
    {
      "alignment": 4,
      "batch": 0,
      "channel_first": false,
      "channel_last": true,
      "epochs": {
        "end": 9,
        "start": 5
      },
      "flags": "STAI_FLAG_PREALLOCATED|STAI_FLAG_ACTIVATIONS",
      "format": "STAI_FORMAT_FLOAT",
      "id": 150,
      "intq": {},
      "is_param": false,
      "mpool_id": 0,
      "name": "batch_normalization_output_array",
      "nbits": 32,
      "offset_start": 131072,
      "qmn": {},
      "shape": [
        32,
        32,
        3
      ],
      "shape_map": [
        "H",
        "W",
        "CH"
      ],
      "size_bytes": 12288
    },
    {
      "alignment": 4,
      "batch": 0,
      "channel_first": true,
      "channel_last": true,
      "epochs": {
        "end": 1,
        "start": 0
      },
      "flags": "STAI_FLAG_WEIGHTS|STAI_FLAG_CONST|STAI_FLAG_PREALLOCATED",
      "format": "STAI_FORMAT_FLOAT",
      "id": 178,
      "intq": {},
      "is_param": true,
      "mpool_id": 1,
      "name": "batch_normalization_scale_array",
      "nbits": 32,
      "offset_start": 0,
      "qmn": {},
      "shape": [
        3
      ],
      "shape_map": [
        "CH"
      ],
      "size_bytes": 12
    },
    {
      "alignment": 4,
      "batch": 0,
      "channel_first": true,
      "channel_last": true,
      "epochs": {
        "end": 1,
        "start": 0
      },
      "flags": "STAI_FLAG_WEIGHTS|STAI_FLAG_CONST|STAI_FLAG_PREALLOCATED",
      "format": "STAI_FORMAT_FLOAT",
      "id": 199,
      "intq": {},
      "is_param": true,
      "mpool_id": 1,
      "name": "conv2d_1_bias_array",
      "nbits": 32,
      "offset_start": 77592,
      "qmn": {},
      "shape": [
        64
      ],
      "shape_map": [
        "CH"
      ],
      "size_bytes": 256
    },
    {
      "alignment": 4,
      "batch": 0,
      "channel_first": false,
      "channel_last": true,
      "epochs": {
        "end": 22,
        "start": 18
      },
      "flags": "STAI_FLAG_PREALLOCATED|STAI_FLAG_ACTIVATIONS",
      "format": "STAI_FORMAT_FLOAT",
      "id": 160,
      "intq": {},
      "is_param": false,
      "mpool_id": 0,
      "name": "conv2d_1_output_array",
      "nbits": 32,
      "offset_start": 33920,
      "qmn": {},
      "shape": [
        16,
        16,
        64
      ],
      "shape_map": [
        "H",
        "W",
        "CH"
      ],
      "size_bytes": 65536
    },
    {
      "alignment": 4,
      "batch": 0,
      "channel_first": false,
      "channel_last": true,
      "epochs": {
        "end": 20,
        "start": 17
      },
      "flags": "STAI_FLAG_PREALLOCATED|STAI_FLAG_ACTIVATIONS|STAI_FLAG_SCRATCHS",
      "format": "STAI_FORMAT_FLOAT",
      "id": 237,
      "intq": {},
      "is_param": false,
      "mpool_id": 0,
      "name": "conv2d_1_scratch0_array",
      "nbits": 32,
      "offset_start": 32768,
      "qmn": {},
      "shape": [
        3,
        3,
        32,
        1
      ],
      "shape_map": [
        "H",
        "W",
        "CH",
        "CH_IN"
      ],
      "size_bytes": 1152
    },
    {
      "alignment": 4,
      "batch": 0,
      "channel_first": true,
      "channel_last": false,
      "epochs": {
        "end": 1,
        "start": 0
      },
      "flags": "STAI_FLAG_WEIGHTS|STAI_FLAG_CONST|STAI_FLAG_PREALLOCATED",
      "format": "STAI_FORMAT_FLOAT",
      "id": 196,
      "intq": {},
      "is_param": true,
      "mpool_id": 1,
      "name": "conv2d_1_weights_array",
      "nbits": 32,
      "offset_start": 3864,
      "qmn": {},
      "shape": [
        64,
        3,
        3,
        32
      ],
      "shape_map": [
        "CH",
        "H",
        "W",
        "CH_IN"
      ],
      "size_bytes": 73728
    },
    {
      "alignment": 4,
      "batch": 0,
      "channel_first": true,
      "channel_last": true,
      "epochs": {
        "end": 1,
        "start": 0
      },
      "flags": "STAI_FLAG_WEIGHTS|STAI_FLAG_CONST|STAI_FLAG_PREALLOCATED",
      "format": "STAI_FORMAT_FLOAT",
      "id": 211,
      "intq": {},
      "is_param": true,
      "mpool_id": 1,
      "name": "conv2d_2_bias_array",
      "nbits": 32,
      "offset_start": 152088,
      "qmn": {},
      "shape": [
        32
      ],
      "shape_map": [
        "CH"
      ],
      "size_bytes": 128
    },
    {
      "alignment": 4,
      "batch": 0,
      "channel_first": false,
      "channel_last": true,
      "epochs": {
        "end": 30,
        "start": 26
      },
      "flags": "STAI_FLAG_PREALLOCATED|STAI_FLAG_ACTIVATIONS",
      "format": "STAI_FORMAT_FLOAT",
      "id": 166,
      "intq": {},
      "is_param": false,
      "mpool_id": 0,
      "name": "conv2d_2_output_array",
      "nbits": 32,
      "offset_start": 99456,
      "qmn": {},
      "shape": [
        16,
        16,
        32
      ],
      "shape_map": [
        "H",
        "W",
        "CH"
      ],
      "size_bytes": 32768
    },
    {
      "alignment": 4,
      "batch": 0,
      "channel_first": false,
      "channel_last": true,
      "epochs": {
        "end": 28,
        "start": 25
      },
      "flags": "STAI_FLAG_PREALLOCATED|STAI_FLAG_ACTIVATIONS|STAI_FLAG_SCRATCHS",
      "format": "STAI_FORMAT_FLOAT",
      "id": 244,
      "intq": {},
      "is_param": false,
      "mpool_id": 0,
      "name": "conv2d_2_scratch0_array",
      "nbits": 32,
      "offset_start": 0,
      "qmn": {},
      "shape": [
        3,
        3,
        64,
        1
      ],
      "shape_map": [
        "H",
        "W",
        "CH",
        "CH_IN"
      ],
      "size_bytes": 2304
    },
    {
      "alignment": 4,
      "batch": 0,
      "channel_first": true,
      "channel_last": false,
      "epochs": {
        "end": 1,
        "start": 0
      },
      "flags": "STAI_FLAG_WEIGHTS|STAI_FLAG_CONST|STAI_FLAG_PREALLOCATED",
      "format": "STAI_FORMAT_FLOAT",
      "id": 208,
      "intq": {},
      "is_param": true,
      "mpool_id": 1,
      "name": "conv2d_2_weights_array",
      "nbits": 32,
      "offset_start": 78360,
      "qmn": {},
      "shape": [
        32,
        3,
        3,
        64
      ],
      "shape_map": [
        "CH",
        "H",
        "W",
        "CH_IN"
      ],
      "size_bytes": 73728
    },
    {
      "alignment": 4,
      "batch": 0,
      "channel_first": true,
      "channel_last": true,
      "epochs": {
        "end": 1,
        "start": 0
      },
      "flags": "STAI_FLAG_WEIGHTS|STAI_FLAG_CONST|STAI_FLAG_PREALLOCATED",
      "format": "STAI_FORMAT_FLOAT",
      "id": 187,
      "intq": {},
      "is_param": true,
      "mpool_id": 1,
      "name": "conv2d_bias_array",
      "nbits": 32,
      "offset_start": 3480,
      "qmn": {},
      "shape": [
        32
      ],
      "shape_map": [
        "CH"
      ],
      "size_bytes": 128
    },
    {
      "alignment": 4,
      "batch": 0,
      "channel_first": false,
      "channel_last": true,
      "epochs": {
        "end": 12,
        "start": 8
      },
      "flags": "STAI_FLAG_PREALLOCATED|STAI_FLAG_ACTIVATIONS",
      "format": "STAI_FORMAT_FLOAT",
      "id": 152,
      "intq": {},
      "is_param": false,
      "mpool_id": 0,
      "name": "conv2d_output_array",
      "nbits": 32,
      "offset_start": 0,
      "qmn": {},
      "shape": [
        32,
        32,
        32
      ],
      "shape_map": [
        "H",
        "W",
        "CH"
      ],
      "size_bytes": 131072
    },
    {
      "alignment": 4,
      "batch": 0,
      "channel_first": false,
      "channel_last": true,
      "epochs": {
        "end": 10,
        "start": 7
      },
      "flags": "STAI_FLAG_PREALLOCATED|STAI_FLAG_ACTIVATIONS|STAI_FLAG_SCRATCHS",
      "format": "STAI_FORMAT_FLOAT",
      "id": 230,
      "intq": {},
      "is_param": false,
      "mpool_id": 0,
      "name": "conv2d_scratch0_array",
      "nbits": 32,
      "offset_start": 143360,
      "qmn": {},
      "shape": [
        3,
        3,
        3,
        1
      ],
      "shape_map": [
        "H",
        "W",
        "CH",
        "CH_IN"
      ],
      "size_bytes": 108
    },
    {
      "alignment": 4,
      "batch": 0,
      "channel_first": true,
      "channel_last": false,
      "epochs": {
        "end": 1,
        "start": 0
      },
      "flags": "STAI_FLAG_WEIGHTS|STAI_FLAG_CONST|STAI_FLAG_PREALLOCATED",
      "format": "STAI_FORMAT_FLOAT",
      "id": 184,
      "intq": {},
      "is_param": true,
      "mpool_id": 1,
      "name": "conv2d_weights_array",
      "nbits": 32,
      "offset_start": 24,
      "qmn": {},
      "shape": [
        32,
        3,
        3,
        3
      ],
      "shape_map": [
        "CH",
        "H",
        "W",
        "CH_IN"
      ],
      "size_bytes": 3456
    },
    {
      "alignment": 4,
      "batch": 0,
      "channel_first": true,
      "channel_last": true,
      "epochs": {
        "end": 1,
        "start": 0
      },
      "flags": "STAI_FLAG_WEIGHTS|STAI_FLAG_CONST|STAI_FLAG_PREALLOCATED",
      "format": "STAI_FORMAT_FLOAT",
      "id": 223,
      "intq": {},
      "is_param": true,
      "mpool_id": 1,
      "name": "dense_dense_bias_array",
      "nbits": 32,
      "offset_start": 234392,
      "qmn": {},
      "shape": [
        10
      ],
      "shape_map": [
        "CH"
      ],
      "size_bytes": 40
    },
    {
      "alignment": 4,
      "batch": 0,
      "channel_first": true,
      "channel_last": true,
      "epochs": {
        "end": 38,
        "start": 35
      },
      "flags": "STAI_FLAG_PREALLOCATED|STAI_FLAG_ACTIVATIONS",
      "format": "STAI_FORMAT_FLOAT",
      "id": 174,
      "intq": {},
      "is_param": false,
      "mpool_id": 0,
      "name": "dense_dense_output_array",
      "nbits": 32,
      "offset_start": 8192,
      "qmn": {},
      "shape": [
        10
      ],
      "shape_map": [
        "CH"
      ],
      "size_bytes": 40
    },
    {
      "alignment": 4,
      "batch": 0,
      "channel_first": true,
      "channel_last": true,
      "epochs": {
        "end": 1,
        "start": 0
      },
      "flags": "STAI_FLAG_WEIGHTS|STAI_FLAG_CONST|STAI_FLAG_PREALLOCATED",
      "format": "STAI_FORMAT_FLOAT",
      "id": 220,
      "intq": {},
      "is_param": true,
      "mpool_id": 1,
      "name": "dense_dense_weights_array",
      "nbits": 32,
      "offset_start": 152472,
      "qmn": {},
      "shape": [
        10,
        2048
      ],
      "shape_map": [
        "CH",
        "CH_IN"
      ],
      "size_bytes": 81920
    },
    {
      "alignment": 4,
      "batch": 0,
      "channel_first": true,
      "channel_last": true,
      "epochs": {
        "end": 39,
        "start": 37
      },
      "flags": "STAI_FLAG_OUTPUTS|STAI_FLAG_PREALLOCATED|STAI_FLAG_ACTIVATIONS",
      "format": "STAI_FORMAT_FLOAT",
      "id": 176,
      "intq": {},
      "is_param": false,
      "mpool_id": 0,
      "name": "dense_output_array",
      "nbits": 32,
      "offset_start": 0,
      "qmn": {},
      "shape": [
        10
      ],
      "shape_map": [
        "CH"
      ],
      "size_bytes": 40
    },
    {
      "alignment": 4,
      "batch": 0,
      "channel_first": false,
      "channel_last": true,
      "epochs": {
        "end": 4,
        "start": 2
      },
      "flags": "STAI_FLAG_INPUTS|STAI_FLAG_PREALLOCATED|STAI_FLAG_ACTIVATIONS",
      "format": "STAI_FORMAT_FLOAT",
      "id": 146,
      "intq": {},
      "is_param": false,
      "mpool_id": 0,
      "name": "input_0_output_array",
      "nbits": 32,
      "offset_start": 131072,
      "qmn": {},
      "shape": [
        32,
        32,
        3
      ],
      "shape_map": [
        "H",
        "W",
        "CH"
      ],
      "size_bytes": 12288
    },
    {
      "alignment": 4,
      "batch": 0,
      "channel_first": false,
      "channel_last": true,
      "epochs": {
        "end": 36,
        "start": 33
      },
      "flags": "STAI_FLAG_PREALLOCATED|STAI_FLAG_ACTIVATIONS",
      "format": "STAI_FORMAT_FLOAT",
      "id": 172,
      "intq": {},
      "is_param": false,
      "mpool_id": 0,
      "name": "max_pooling2d_1_output_array",
      "nbits": 32,
      "offset_start": 0,
      "qmn": {},
      "shape": [
        8,
        8,
        32
      ],
      "shape_map": [
        "H",
        "W",
        "CH"
      ],
      "size_bytes": 8192
    },
    {
      "alignment": 4,
      "batch": 0,
      "channel_first": false,
      "channel_last": true,
      "epochs": {
        "end": 19,
        "start": 15
      },
      "flags": "STAI_FLAG_PREALLOCATED|STAI_FLAG_ACTIVATIONS",
      "format": "STAI_FORMAT_FLOAT",
      "id": 158,
      "intq": {},
      "is_param": false,
      "mpool_id": 0,
      "name": "max_pooling2d_output_array",
      "nbits": 32,
      "offset_start": 0,
      "qmn": {},
      "shape": [
        16,
        16,
        32
      ],
      "shape_map": [
        "H",
        "W",
        "CH"
      ],
      "size_bytes": 32768
    }
  ],
  "environment": {
    "generated_model": {
      "generated_time": "2025-09-23T16:11:20+0200",
      "model_files": [
        {
          "name": "mnist_data_params.h",
          "signature": "0x42eca87c66e5b2600017dd67b2af973b"
        },
        {
          "name": "mnist_data_params.c",
          "signature": "0xd4708a0a0afbfafd07b930d6f09441aa"
        },
        {
          "name": "mnist_data.h",
          "signature": "0xfe5103ccdfb0961c1e4adac729b948f7"
        },
        {
          "name": "mnist_data.c",
          "signature": "0x466ef4ffcca3acade338697b70d488b6"
        },
        {
          "name": "mnist_config.h",
          "signature": "0x6a515d3134b2e7755f5bf85323f22427"
        },
        {
          "name": "mnist.h",
          "signature": "0xa1d45cbc588d919f84be22761f6d57eb"
        },
        {
          "name": "mnist.c",
          "signature": "0x11caae082e8c346b558b01af73c5e11c"
        }
      ],
      "name": "mnist"
    },
    "network_signature": "0xf18dac17685f22a9",
    "test_name": "",
    "tools": [
      {
        "arguments": "analyze --target stm32l4 --name mnist -m C:/Users/hugoc/OneDrive/Documents/Hugo/ISMIN/Cours/S9/E_IA/Projet/Modeles/Model_light/model_light_229k_77.h5 --compression none --verbosity 1 --workspace C:/Users/hugoc/AppData/Local/Temp/mxAI_workspace150482623760010534843246555695117 --output C:/Users/hugoc/.stm32cubemx/mnist_output",
        "environment": [
          "STATS_TYPE=X-CUBE-AI"
        ],
        "input_model": {
          "model_files": [
            {
              "name": "model_light_229k_77.h5",
              "signature": "0xda46e42e4fa74b41e9f937bb21f282f9"
            }
          ],
          "n_params": 58608,
          "name": "model_light_229k_77",
          "size": 234432,
          "type": "keras"
        },
        "name": "ST.EdgeAI.Core",
        "version": "2.2.0-20266 2adc00962"
      }
    ]
  },
  "graphs": [
    {
      "edges": [
        {
          "buffer": 148,
          "edge_kind": "EDGE_MEMORY",
          "end": {
            "node_id": 21,
            "port": 0
          },
          "id": 0,
          "name": "n20-p0_n21-p0",
          "start": {
            "node_id": 20,
            "port": 0
          }
        },
        {
          "buffer": 150,
          "edge_kind": "EDGE_MEMORY",
          "end": {
            "node_id": 22,
            "port": 0
          },
          "id": 1,
          "name": "n21-p0_n22-p0",
          "start": {
            "node_id": 21,
            "port": 0
          }
        },
        {
          "buffer": 152,
          "edge_kind": "EDGE_MEMORY",
          "end": {
            "node_id": 23,
            "port": 0
          },
          "id": 2,
          "name": "n22-p0_n23-p0",
          "start": {
            "node_id": 22,
            "port": 0
          }
        },
        {
          "buffer": 154,
          "edge_kind": "EDGE_MEMORY",
          "end": {
            "node_id": 24,
            "port": 0
          },
          "id": 3,
          "name": "n23-p0_n24-p0",
          "start": {
            "node_id": 23,
            "port": 0
          }
        },
        {
          "buffer": 156,
          "edge_kind": "EDGE_MEMORY",
          "end": {
            "node_id": 25,
            "port": 0
          },
          "id": 4,
          "name": "n24-p0_n25-p0",
          "start": {
            "node_id": 24,
            "port": 0
          }
        },
        {
          "buffer": 158,
          "edge_kind": "EDGE_MEMORY",
          "end": {
            "node_id": 26,
            "port": 0
          },
          "id": 5,
          "name": "n25-p0_n26-p0",
          "start": {
            "node_id": 25,
            "port": 0
          }
        },
        {
          "buffer": 160,
          "edge_kind": "EDGE_MEMORY",
          "end": {
            "node_id": 27,
            "port": 0
          },
          "id": 6,
          "name": "n26-p0_n27-p0",
          "start": {
            "node_id": 26,
            "port": 0
          }
        },
        {
          "buffer": 162,
          "edge_kind": "EDGE_MEMORY",
          "end": {
            "node_id": 28,
            "port": 0
          },
          "id": 7,
          "name": "n27-p0_n28-p0",
          "start": {
            "node_id": 27,
            "port": 0
          }
        },
        {
          "buffer": 164,
          "edge_kind": "EDGE_MEMORY",
          "end": {
            "node_id": 29,
            "port": 0
          },
          "id": 8,
          "name": "n28-p0_n29-p0",
          "start": {
            "node_id": 28,
            "port": 0
          }
        },
        {
          "buffer": 166,
          "edge_kind": "EDGE_MEMORY",
          "end": {
            "node_id": 30,
            "port": 0
          },
          "id": 9,
          "name": "n29-p0_n30-p0",
          "start": {
            "node_id": 29,
            "port": 0
          }
        },
        {
          "buffer": 168,
          "edge_kind": "EDGE_MEMORY",
          "end": {
            "node_id": 31,
            "port": 0
          },
          "id": 10,
          "name": "n30-p0_n31-p0",
          "start": {
            "node_id": 30,
            "port": 0
          }
        },
        {
          "buffer": 170,
          "edge_kind": "EDGE_MEMORY",
          "end": {
            "node_id": 32,
            "port": 0
          },
          "id": 11,
          "name": "n31-p0_n32-p0",
          "start": {
            "node_id": 31,
            "port": 0
          }
        },
        {
          "buffer": 172,
          "edge_kind": "EDGE_MEMORY",
          "end": {
            "node_id": 33,
            "port": 0
          },
          "id": 12,
          "name": "n32-p0_n33-p0",
          "start": {
            "node_id": 32,
            "port": 0
          }
        },
        {
          "buffer": 174,
          "edge_kind": "EDGE_MEMORY",
          "end": {
            "node_id": 34,
            "port": 0
          },
          "id": 13,
          "name": "n33-p0_n34-p0",
          "start": {
            "node_id": 33,
            "port": 0
          }
        }
      ],
      "id": 0,
      "inputs": [
        146
      ],
      "name": "model_light_229k_77",
      "nodes": [
        {
          "attributes": {
            "nonlinearity": "relu"
          },
          "description": "Nonlinearity",
          "id": 20,
          "inputs": [
            146
          ],
          "macc": 3072,
          "mapping": "NODE_SW",
          "name": "activation",
          "original_nodes": [
            "0"
          ],
          "outputs": [
            148
          ],
          "scratchs": [],
          "subgraph_nodes": [],
          "sw_functions": [
            "forward_relu"
          ]
        },
        {
          "attributes": {
            "dl_axis": "-1",
            "ir_axis": "CH",
            "use_bias": "True"
          },
          "description": "ScaleBias",
          "id": 21,
          "inputs": [
            148,
            178,
            181
          ],
          "macc": 6144,
          "mapping": "NODE_SW",
          "name": "batch_normalization",
          "original_nodes": [
            "1"
          ],
          "outputs": [
            150
          ],
          "scratchs": [],
          "subgraph_nodes": [],
          "sw_functions": [
            "forward_bn"
          ]
        },
        {
          "attributes": {
            "dilation": "{H: 1, W: 1}",
            "filter_size": "(3, 3)",
            "groups": "1",
            "is_depthwise": "False",
            "is_grouped_conv": "False",
            "num_filters": "32",
            "pad": "{H: (1, 1), W: (1, 1)}",
            "pad_strategy": "same",
            "pad_value": "0",
            "stride": "(1, 1)",
            "use_bias": "True",
            "weights_prefetch": "True"
          },
          "description": "Conv2D",
          "id": 22,
          "inputs": [
            150,
            184,
            187
          ],
          "macc": 884768,
          "mapping": "NODE_SW",
          "name": "conv2d",
          "original_nodes": [
            "2"
          ],
          "outputs": [
            152
          ],
          "scratchs": [
            230
          ],
          "subgraph_nodes": [],
          "sw_functions": [
            "forward_conv2d_if32of32wf32"
          ]
        },
        {
          "attributes": {
            "nonlinearity": "relu"
          },
          "description": "Nonlinearity",
          "id": 23,
          "inputs": [
            152
          ],
          "macc": 32768,
          "mapping": "NODE_SW",
          "name": "activation_1",
          "original_nodes": [
            "3"
          ],
          "outputs": [
            154
          ],
          "scratchs": [],
          "subgraph_nodes": [],
          "sw_functions": [
            "forward_relu"
          ]
        },
        {
          "attributes": {
            "dl_axis": "-1",
            "ir_axis": "CH",
            "use_bias": "True"
          },
          "description": "ScaleBias",
          "id": 24,
          "inputs": [
            154,
            190,
            193
          ],
          "macc": 65536,
          "mapping": "NODE_SW",
          "name": "batch_normalization_1",
          "original_nodes": [
            "4"
          ],
          "outputs": [
            156
          ],
          "scratchs": [],
          "subgraph_nodes": [],
          "sw_functions": [
            "forward_bn"
          ]
        },
        {
          "attributes": {
            "ceil_mode": "floor",
            "pool_function": "max",
            "pool_pad": "{H: (0, 0), W: (0, 0)}",
            "pool_size": "(2, 2)",
            "pool_stride": "(2, 2)"
          },
          "description": "Pool",
          "id": 25,
          "inputs": [
            156
          ],
          "macc": 32768,
          "mapping": "NODE_SW",
          "name": "max_pooling2d",
          "original_nodes": [
            "5"
          ],
          "outputs": [
            158
          ],
          "scratchs": [],
          "subgraph_nodes": [],
          "sw_functions": [
            "forward_mp"
          ]
        },
        {
          "attributes": {
            "dilation": "{H: 1, W: 1}",
            "filter_size": "(3, 3)",
            "groups": "1",
            "is_depthwise": "False",
            "is_grouped_conv": "False",
            "num_filters": "64",
            "pad": "{H: (1, 1), W: (1, 1)}",
            "pad_strategy": "same",
            "pad_value": "0",
            "stride": "(1, 1)",
            "use_bias": "True",
            "weights_prefetch": "True"
          },
          "description": "Conv2D",
          "id": 26,
          "inputs": [
            158,
            196,
            199
          ],
          "macc": 4718656,
          "mapping": "NODE_SW",
          "name": "conv2d_1",
          "original_nodes": [
            "7"
          ],
          "outputs": [
            160
          ],
          "scratchs": [
            237
          ],
          "subgraph_nodes": [],
          "sw_functions": [
            "forward_conv2d_if32of32wf32"
          ]
        },
        {
          "attributes": {
            "nonlinearity": "relu"
          },
          "description": "Nonlinearity",
          "id": 27,
          "inputs": [
            160
          ],
          "macc": 16384,
          "mapping": "NODE_SW",
          "name": "activation_2",
          "original_nodes": [
            "8"
          ],
          "outputs": [
            162
          ],
          "scratchs": [],
          "subgraph_nodes": [],
          "sw_functions": [
            "forward_relu"
          ]
        },
        {
          "attributes": {
            "dl_axis": "-1",
            "ir_axis": "CH",
            "use_bias": "True"
          },
          "description": "ScaleBias",
          "id": 28,
          "inputs": [
            162,
            202,
            205
          ],
          "macc": 32768,
          "mapping": "NODE_SW",
          "name": "batch_normalization_2",
          "original_nodes": [
            "9"
          ],
          "outputs": [
            164
          ],
          "scratchs": [],
          "subgraph_nodes": [],
          "sw_functions": [
            "forward_bn"
          ]
        },
        {
          "attributes": {
            "dilation": "{H: 1, W: 1}",
            "filter_size": "(3, 3)",
            "groups": "1",
            "is_depthwise": "False",
            "is_grouped_conv": "False",
            "num_filters": "32",
            "pad": "{H: (1, 1), W: (1, 1)}",
            "pad_strategy": "same",
            "pad_value": "0",
            "stride": "(1, 1)",
            "use_bias": "True",
            "weights_prefetch": "True"
          },
          "description": "Conv2D",
          "id": 29,
          "inputs": [
            164,
            208,
            211
          ],
          "macc": 4718624,
          "mapping": "NODE_SW",
          "name": "conv2d_2",
          "original_nodes": [
            "10"
          ],
          "outputs": [
            166
          ],
          "scratchs": [
            244
          ],
          "subgraph_nodes": [],
          "sw_functions": [
            "forward_conv2d_if32of32wf32"
          ]
        },
        {
          "attributes": {
            "nonlinearity": "relu"
          },
          "description": "Nonlinearity",
          "id": 30,
          "inputs": [
            166
          ],
          "macc": 8192,
          "mapping": "NODE_SW",
          "name": "activation_3",
          "original_nodes": [
            "11"
          ],
          "outputs": [
            168
          ],
          "scratchs": [],
          "subgraph_nodes": [],
          "sw_functions": [
            "forward_relu"
          ]
        },
        {
          "attributes": {
            "dl_axis": "-1",
            "ir_axis": "CH",
            "use_bias": "True"
          },
          "description": "ScaleBias",
          "id": 31,
          "inputs": [
            168,
            214,
            217
          ],
          "macc": 16384,
          "mapping": "NODE_SW",
          "name": "batch_normalization_3",
          "original_nodes": [
            "12"
          ],
          "outputs": [
            170
          ],
          "scratchs": [],
          "subgraph_nodes": [],
          "sw_functions": [
            "forward_bn"
          ]
        },
        {
          "attributes": {
            "ceil_mode": "floor",
            "pool_function": "max",
            "pool_pad": "{H: (0, 0), W: (0, 0)}",
            "pool_size": "(2, 2)",
            "pool_stride": "(2, 2)"
          },
          "description": "Pool",
          "id": 32,
          "inputs": [
            170
          ],
          "macc": 8192,
          "mapping": "NODE_SW",
          "name": "max_pooling2d_1",
          "original_nodes": [
            "13"
          ],
          "outputs": [
            172
          ],
          "scratchs": [],
          "subgraph_nodes": [],
          "sw_functions": [
            "forward_mp"
          ]
        },
        {
          "attributes": {
            "num_units": "10",
            "use_bias": "True"
          },
          "description": "Dense",
          "id": 33,
          "inputs": [
            172,
            220,
            223
          ],
          "macc": 20490,
          "mapping": "NODE_SW",
          "name": "dense_dense",
          "original_nodes": [
            "17"
          ],
          "outputs": [
            174
          ],
          "scratchs": [],
          "subgraph_nodes": [],
          "sw_functions": [
            "forward_dense"
          ]
        },
        {
          "attributes": {
            "axis": "CH",
            "nonlinearity": "softmax",
            "orig_axis": "-1"
          },
          "description": "Nonlinearity",
          "id": 34,
          "inputs": [
            174
          ],
          "macc": 150,
          "mapping": "NODE_SW",
          "name": "dense",
          "original_nodes": [
            "17"
          ],
          "outputs": [
            176
          ],
          "scratchs": [],
          "subgraph_nodes": [],
          "sw_functions": [
            "forward_sm"
          ]
        }
      ],
      "original_inputs": [
        {
          "c_shape_map": [],
          "data_format": {
            "quantizer": "NONE",
            "scale": [],
            "size": 32,
            "type": "FLOAT",
            "zero": []
          },
          "name": "input_0",
          "shape": [
            null,
            32,
            32,
            3
          ],
          "shape_map": [
            "BATCH",
            "H",
            "W",
            "CH"
          ]
        }
      ],
      "original_outputs": [
        {
          "c_shape_map": [],
          "data_format": {
            "quantizer": "NONE",
            "scale": [],
            "size": 32,
            "type": "FLOAT",
            "zero": []
          },
          "name": "dense",
          "shape": [
            null,
            10
          ],
          "shape_map": [
            "BATCH",
            "CH"
          ]
        }
      ],
      "outputs": [
        176
      ]
    }
  ],
  "json_schema_version": "2.0",
  "memory_footprint": {
    "activations": 143468,
    "io": [
      0,
      0
    ],
    "kernel_flash": 16118,
    "kernel_ram": 4856,
    "series": "stm32l4",
    "toolchain": "arm-none-eabi-gcc (GNU Tools for STM32 13.3.rel1.20240926-1715) 13.3.1 20240614",
    "toolchain_flash": 638,
    "toolchain_ram": 0,
    "weights": 234432
  },
  "memory_pools": [
    {
      "address": "NULL",
      "alignment": 4,
      "attributes": {
        "latency": "HIGH",
        "score": 768,
        "throughput": "LOW"
      },
      "buffers": [
        146,
        148,
        150,
        152,
        154,
        156,
        158,
        160,
        162,
        164,
        166,
        168,
        170,
        172,
        174,
        176,
        230,
        237,
        244
      ],
      "id": 0,
      "name": "heap_overlay_pool",
      "offset_start": 0,
      "persistent": false,
      "rights": "ACC_WRITE",
      "size_bytes": -1,
      "subpools": [],
      "used_size_bytes": 143468,
      "user_allocated": false,
      "virtual": false
    },
    {
      "address": "s_mnist_weights_array_u64",
      "alignment": 0,
      "attributes": {
        "latency": "UNDEF",
        "score": 0,
        "throughput": "UNDEF"
      },
      "buffers": [
        178,
        181,
        184,
        187,
        190,
        193,
        196,
        199,
        202,
        205,
        208,
        211,
        214,
        217,
        220,
        223
      ],
      "id": 1,
      "name": "weights_array",
      "offset_start": 0,
      "persistent": true,
      "rights": "ACC_READ",
      "size_bytes": -1,
      "subpools": [],
      "used_size_bytes": 234432,
      "user_allocated": false,
      "virtual": false
    }
  ]
}